"ANIMAL_ID   (floy tag ID, pit tag code, etc.)",TAG_TYPE,TAG_MANUFACTURER,TAG_MODEL,TAG_SERIAL_NUMBER,TAG_ID_CODE,TAG_CODE_SPACE,TAG_IMPLANT_TYPE,TAG_IMPLANT_METHOD,TAG_ACTIVATION_DATE,EST_TAG_LIFE,TAGGER,TAG_OWNER_PI,TAG_OWNER_ORGANIZATION,COMMON_NAME_E,SCIENTIFIC_NAME,CAPTURE_LOCATION,CAPTURE_LATITUDE,CAPTURE_LONGITUDE,WILD_OR_HATCHERY,STOCK,LENGTH (m),WEIGHT (kg),LENGTH_TYPE,LENGTH2 (m),LENGTH2_TYPE,LIFE_STAGE,AGE,AGE_UNITS,SEX,DNA_SAMPLE_TAKEN,TREATMENT_TYPE,RELEASE_GROUP,RELEASE_LOCATION,RELEASE_LATITUDE,RELEASE_LONGITUDE,UTC_RELEASE_DATE_TIME,HARVEST_DATE,CAPTURE_DEPTH (m),TEMPERATURE_CHANGE (degrees C),HOLDING_TEMPERATURE (degrees C),PREOP_HOLD_PERIOD,POSTOP_HOLD_PERIOD,SURGERY_LOCATION,DATE_OF_SURGERY,SURGERY_LATITUDE,SURGERY_LONGITUDE,SEDATIVE,SEDATIVE_CONCENTRATION (ppm),ANAESTHETIC,BUFFER,ANAESTHETIC_CONCENTRATION (ppm),BUFFER_CONCENTRATION_IN_ANAESTHETIC (ppm),ANAESTHETIC_CONCENTRATION_IN_RECIRCULATION (ppm),BUFFER_CONCENTRATION_IN_RECIRCULATION (ppm),DISSOLVED_OXYGEN (ppm),COMMENTS,,,,,,,,,,,,,,,,,
3D9.257C661983,Acoustic,VEMCO,V16-4x,1194443,24577,A69-9001,INTERNAL,"Midventral line incision, sutures",2015-07-09,2435 days,Catherine Johnston/Kevin Lachapelle,Gayle Zydlewski,Universtiy of Maine,Shortnose Sturgeon,Acipenser brevirostrum,Penobscot River,44.68104,-68.81750,W,NA,0.874,7.15,FORK,,,Adult,Unknown,,F,Yes,,,Penobscot River,44.68104,-68.81750,2015/07/09T00:00:00,,8.382,,,,,Penobscot River,,,,TRICAINE METHANESULFONATE,,TRICAINE METHANESULFONATE,SODIUM BICARBONATE,,,,,,,,,,,,,,,,,,,,,,,
3D9.1BF1885A15,Acoustic,VEMCO,V16-4x,1194446,24580,A69-9001,INTERNAL,"Midventral line incision, sutures",2015-07-09,2435 days,Catherine Johnston/Kevin Lachapelle,Gayle Zydlewski,Universtiy of Maine,Shortnose Sturgeon,Acipenser brevirostrum,Penobscot River,44.68104,-68.81750,W,NA,0.866,6.9,FORK,,,Adult,Unknown,,F,Yes,,,Penobscot River,44.68104,-68.81750,2015/07/09T00:00:00,,8.2296,,,,,Penobscot River,,,,TRICAINE METHANESULFONATE,,TRICAINE METHANESULFONATE,SODIUM BICARBONATE,,,,,,,,,,,,,,,,,,,,,,,
3D9.1BF1886412,Acoustic,VEMCO,V16-4x,1147448,28161,A69-9001,INTERNAL,"Midventral line incision, sutures",2015-07-16,2993 days,Catherine Johnston/Kevin Lachapelle,Gayle Zydlewski,Universtiy of Maine,Shortnose Sturgeon,Acipenser brevirostrum,Penobscot River,44.70229,-68.83387,W,NA,0.922,7.7,FORK,,,Adult,Unknown,,F,Yes,,,Penobscot River,44.70229,-68.83387,2015/07/16T00:00:00,,6.5532,,,,,Penobscot River,,,,TRICAINE METHANESULFONATE,,TRICAINE METHANESULFONATE,SODIUM BICARBONATE,,,,,,,,,,,,,,,,,,,,,,,
3D9.1BF1886059,Acoustic,VEMCO,V16-4x,1194447,24581,A69-9001,INTERNAL,"Midventral line incision, sutures",2015-07-21,2435 days,Catherine Johnston/Kevin Lachapelle,Gayle Zydlewski,Universtiy of Maine,Shortnose Sturgeon,Acipenser brevirostrum,Penobscot River,44.68104,-68.81750,W,NA,0.796,5.85,FORK,,,Adult,Unknown,,F,Yes,,,Penobscot River,44.68104,-68.81750,2015/07/21T00:00:00,,8.2296,,,,,Penobscot River,,,,TRICAINE METHANESULFONATE,,TRICAINE METHANESULFONATE,SODIUM BICARBONATE,,,,,,,,,,,,,,,,,,,,,,,
3D9.1BF18888EB,Acoustic,VEMCO,V16-4x,1194440,24574,A69-9001,INTERNAL,"Midventral line incision, sutures",2015-07-21,2435 days,Catherine Johnston/Kevin Lachapelle,Gayle Zydlewski,Universtiy of Maine,Shortnose Sturgeon,Acipenser brevirostrum,Penobscot River,44.68104,-68.81750,W,NA,0.883,5.9,FORK,,,Adult,Unknown,,F,Yes,,,Penobscot River,44.68104,-68.81750,2015/07/21T00:00:00,,8.2296,,,,,Penobscot River,,,,TRICAINE METHANESULFONATE,,TRICAINE METHANESULFONATE,SODIUM BICARBONATE,,,,,,,,,,,,,,,,,,,,,,,
3D9.1BF1887762,Acoustic,VEMCO,V16-4x,1194441,24575,A69-9001,INTERNAL,"Midventral line incision, sutures",2015-08-06,2435 days,Catherine Johnston/Kevin Lachapelle,Gayle Zydlewski,Universtiy of Maine,Shortnose Sturgeon,Acipenser brevirostrum,Penobscot River,44.68104,-68.81750,W,NA,0.934,7.5,FORK,,,Adult,Unknown,,F,Yes,,,Penobscot River,44.68104,-68.81750,2015/08/06T00:00:00,,7.10184,,,,,Penobscot River,,,,TRICAINE METHANESULFONATE,,TRICAINE METHANESULFONATE,SODIUM BICARBONATE,,,,,,,,,,,,,,,,,,,,,,,
3D9.1BF18894AE,Acoustic,VEMCO,V16-4x,1221724,21257,A69-9001,INTERNAL,"Midventral line incision, sutures",2015-08-07,2435 days,Catherine Johnston/Kevin Lachapelle,Gayle Zydlewski,Universtiy of Maine,Shortnose Sturgeon,Acipenser brevirostrum,Penobscot River,44.70229,-68.83387,W,NA,0.948,7.5,FORK,,,Adult,Unknown,,F,Yes,,,Penobscot River,44.70229,-68.83387,2015/08/07T00:00:00,,5.1816,,,,,Penobscot River,,,,TRICAINE METHANESULFONATE,,TRICAINE METHANESULFONATE,SODIUM BICARBONATE,,,,,,,,,,,,,,,,,,,,,,,
3D9.1BF1885B77,Acoustic,VEMCO,V16-4x,1221719,21252,A69-9001,INTERNAL,"Midventral line incision, sutures",2015-08-07,2435 days,Catherine Johnston/Kevin Lachapelle,Gayle Zydlewski,Universtiy of Maine,Shortnose Sturgeon,Acipenser brevirostrum,Penobscot River,44.70229,-68.83387,W,NA,0.92,9.6,FORK,,,Adult,Unknown,,F,Yes,,,Penobscot River,44.70229,-68.83387,2015/08/07T00:00:00,,5.4864,,,,,Penobscot River,,,,TRICAINE METHANESULFONATE,,TRICAINE METHANESULFONATE,SODIUM BICARBONATE,,,,,,,,,,,,,,,,,,,,,,,
3D9.1BF188950C,Acoustic,VEMCO,V16-4x,1221720,21253,A69-9001,INTERNAL,"Midventral line incision, sutures",2015-08-20,2435 days,Catherine Johnston/Kevin Lachapelle,Gayle Zydlewski,Universtiy of Maine,Shortnose Sturgeon,Acipenser brevirostrum,Penobscot River,44.70229,-68.83387,W,NA,0.925,7.1,FORK,,,Adult,Unknown,,F,Yes,,,Penobscot River,44.70229,-68.83387,2015/08/20T00:00:00,,5.1816,,,,,Penobscot River,,,,TRICAINE METHANESULFONATE,,TRICAINE METHANESULFONATE,SODIUM BICARBONATE,,,,,,,,,,,,,,,,,,,,,,,
3D9.1BF188646D,Acoustic,VEMCO,V16-4x,1221723,21256,A69-9001,INTERNAL,"Midventral line incision, sutures",2015-09-03,2435 days,Catherine Johnston/Kevin Lachapelle,Gayle Zydlewski,Universtiy of Maine,Shortnose Sturgeon,Acipenser brevirostrum,Penobscot River,44.77563,-68.78451,W,NA,0.91,5.4,FORK,,,Adult,Unknown,,F,Yes,,,Penobscot River,44.77563,-68.78451,2015/09/03T00:00:00,,6.00456,,,,,Penobscot River,,,,TRICAINE METHANESULFONATE,,TRICAINE METHANESULFONATE,SODIUM BICARBONATE,,,,,,,,,,,,,,,,,,,,,,,
3D9.1BF1887023,Acoustic,VEMCO,V16-4x,1221733,21266,A69-9001,INTERNAL,"Midventral line incision, sutures",2015-09-03,2435 days,Catherine Johnston/Kevin Lachapelle,Gayle Zydlewski,Universtiy of Maine,Shortnose Sturgeon,Acipenser brevirostrum,Penobscot River,44.77563,-68.78451,W,NA,0.826,4.7,FORK,,,Adult,Unknown,,F,Yes,,,Penobscot River,44.77563,-68.78451,2015/09/03T00:00:00,,6.64464,,,,,Penobscot River,,,,TRICAINE METHANESULFONATE,,TRICAINE METHANESULFONATE,SODIUM BICARBONATE,,,,,,,,,,,,,,,,,,,,,,,
3D9.1C2D8D20D0,Acoustic,VEMCO,V16-4x,1221721,21254,A69-9001,INTERNAL,"Midventral line incision, sutures",2015-09-03,2435 days,Catherine Johnston/Kevin Lachapelle,Gayle Zydlewski,Universtiy of Maine,Shortnose Sturgeon,Acipenser brevirostrum,Penobscot River,44.77563,-68.78451,W,NA,0.979,10,FORK,,,Adult,Unknown,,F,Yes,,,Penobscot River,44.77563,-68.78451,2015/09/03T00:00:00,,7.95528,,,,,Penobscot River,,,,TRICAINE METHANESULFONATE,,TRICAINE METHANESULFONATE,SODIUM BICARBONATE,,,,,,,,,,,,,,,,,,,,,,,
3D9.1BF1886857,Acoustic,VEMCO,V16-4x,1221730,21263,A69-9001,INTERNAL,"Midventral line incision, sutures",2015-09-04,2435 days,Catherine Johnston/Kevin Lachapelle,Gayle Zydlewski,Universtiy of Maine,Shortnose Sturgeon,Acipenser brevirostrum,Penobscot River,44.77563,-68.78451,W,NA,0.913,6.55,FORK,,,Adult,Unknown,,F,Yes,,,Penobscot River,44.77563,-68.78451,2015/09/04T00:00:00,,4.78536,,,,,Penobscot River,,,,TRICAINE METHANESULFONATE,,TRICAINE METHANESULFONATE,SODIUM BICARBONATE,,,,,,,,,,,,,,,,,,,,,,,
3D9.1BF188EB99,Acoustic,VEMCO,V16-4x,1221729,21262,A69-9001,INTERNAL,"Midventral line incision, sutures",2015-09-04,2435 days,Catherine Johnston/Kevin Lachapelle,Gayle Zydlewski,Universtiy of Maine,Shortnose Sturgeon,Acipenser brevirostrum,Penobscot River,44.77563,-68.78451,W,NA,0.869,5.4,FORK,,,Adult,Unknown,,F,Yes,,,Penobscot River,44.77563,-68.78451,2015/09/04T00:00:00,,5.21208,,,,,Penobscot River,,,,TRICAINE METHANESULFONATE,,TRICAINE METHANESULFONATE,SODIUM BICARBONATE,,,,,,,,,,,,,,,,,,,,,,,
3D9.1BF1886105,Acoustic,VEMCO,V16-4x,1221732,21265,A69-9001,INTERNAL,"Midventral line incision, sutures",2015-09-04,2435 days,Catherine Johnston/Kevin Lachapelle,Gayle Zydlewski,Universtiy of Maine,Shortnose Sturgeon,Acipenser brevirostrum,Penobscot River,44.77563,-68.78451,W,NA,0.973,7.2,FORK,,,Adult,Unknown,,F,Yes,,,Penobscot River,44.77563,-68.78451,2015/09/04T00:00:00,,3.10896,,,,,Penobscot River,,,,TRICAINE METHANESULFONATE,,TRICAINE METHANESULFONATE,SODIUM BICARBONATE,,,,,,,,,,,,,,,,,,,,,,,
3D9.1C2D6C36EE,Acoustic,VEMCO,V16-4x,1221727,21260,A69-9001,INTERNAL,"Midventral line incision, sutures",2015-09-16,2435 days,Catherine Johnston/Kevin Lachapelle,Gayle Zydlewski,Universtiy of Maine,Shortnose Sturgeon,Acipenser brevirostrum,Penobscot River,44.76557,-68.79106,W,NA,0.895,6.45,FORK,,,Adult,Unknown,,F,Yes,,,Penobscot River,44.76557,-68.79106,2015/09/16T00:00:00,,7.40664,,,,,Penobscot River,,,,TRICAINE METHANESULFONATE,,TRICAINE METHANESULFONATE,SODIUM BICARBONATE,,,,,,,,,,,,,,,,,,,,,,,
3D9.1BF18870AF,Acoustic,VEMCO,V16-4x,1221726,21259,A69-9001,INTERNAL,"Midventral line incision, sutures",2015-09-18,2435 days,Catherine Johnston/Kevin Lachapelle,Gayle Zydlewski,Universtiy of Maine,Shortnose Sturgeon,Acipenser brevirostrum,Penobscot River,44.77563,-68.78451,W,NA,0.926,7.2,FORK,,,Adult,Unknown,,F,Yes,,,Penobscot River,44.77563,-68.78451,2015/09/18T00:00:00,,3.93192,,,,,Penobscot River,,,,TRICAINE METHANESULFONATE,,TRICAINE METHANESULFONATE,SODIUM BICARBONATE,,,,,,,,,,,,,,,,,,,,,,,
3D9.1BF1887F67,Acoustic,VEMCO,V16-4x,1221725,21258,A69-9001,INTERNAL,"Midventral line incision, sutures",2015-09-23,2435 days,Catherine Johnston/Kevin Lachapelle,Gayle Zydlewski,Universtiy of Maine,Shortnose Sturgeon,Acipenser brevirostrum,Penobscot River,44.77563,-68.78451,W,NA,0.856,5.8,FORK,,,Adult,Unknown,,F,Yes,,,Penobscot River,44.77563,-68.78451,2015/09/23T00:00:00,,4.81584,,,,,Penobscot River,,,,TRICAINE METHANESULFONATE,,TRICAINE METHANESULFONATE,SODIUM BICARBONATE,,,,,,,,,,,,,,,,,,,,,,,
3D9.1BF188565D,Acoustic,VEMCO,V16-4x,1221731,21264,A69-9001,INTERNAL,"Midventral line incision, sutures",2015-09-23,2435 days,Catherine Johnston/Kevin Lachapelle,Gayle Zydlewski,Universtiy of Maine,Shortnose Sturgeon,Acipenser brevirostrum,Penobscot River,44.77563,-68.78451,W,NA,0.819,4.8,FORK,,,Adult,Unknown,,F,Yes,,,Penobscot River,44.77563,-68.78451,2015/09/23T00:00:00,,4.81584,,,,,Penobscot River,,,,TRICAINE METHANESULFONATE,,TRICAINE METHANESULFONATE,SODIUM BICARBONATE,,,,,,,,,,,,,,,,,,,,,,,
3D9.1BF1888FC2,Acoustic,VEMCO,V16-4x,1221728,21261,A69-9001,INTERNAL,"Midventral line incision, sutures",2015-10-09,2435 days,Catherine Johnston/Kevin Lachapelle,Gayle Zydlewski,Universtiy of Maine,Shortnose Sturgeon,Acipenser brevirostrum,Penobscot River,44.81085,-68.74318,W,NA,0.941,7.8,FORK,,,Adult,Unknown,,F,Yes,,,Penobscot River,44.81085,-68.74318,2015/10/09T00:00:00,,5.51688,,,,,Penobscot River,,,,TRICAINE METHANESULFONATE,,TRICAINE METHANESULFONATE,SODIUM BICARBONATE,,,,,,,,,,,,,,,,,,,,,,,
3D9.257C65D89E,Acoustic,VEMCO,V16-4x,1221722,21255,A69-9001,INTERNAL,"Midventral line incision, sutures",2015-10-09,2435 days,Catherine Johnston/Kevin Lachapelle,Gayle Zydlewski,Universtiy of Maine,Shortnose Sturgeon,Acipenser brevirostrum,Penobscot River,44.81085,-68.74318,W,NA,0.897,7,FORK,,,Adult,Unknown,,F,Yes,,,Penobscot River,44.81085,-68.74318,2015/10/09T00:00:00,,5.51688,,,,,Penobscot River,,,,TRICAINE METHANESULFONATE,,TRICAINE METHANESULFONATE,SODIUM BICARBONATE,,,,,,,,,,,,,,,,,,,,,,,
3DD.003BEF36A5,Acoustic,VEMCO,V16-4x,1251360,11181,A69-9002,INTERNAL,"Midventral line incision, sutures",2017-07-11,2427 days,Catlin Ames/Kevin Lachapelle,Gayle Zydlewski,Universtiy of Maine,Shortnose Sturgeon,Acipenser brevirostrum,Penobscot River,44.94181,-68.64457,W,NA,0.622,1.5,FORK,,,Adult,Unknown,,U,Yes,,,Penobscot River,44.93041,-68.6401,2017/07/11T00:00:00,,0,,,,,Penobscot River,,,,TRICAINE METHANESULFONATE,,TRICAINE METHANESULFONATE,SODIUM BICARBONATE,,,,,,,,,,,,,,,,,,,,,,,
3D9.257C65996E,Acoustic,VEMCO,V16-4x,1268216,14285,A69-9001,INTERNAL,"Midventral line incision, sutures",2017-07-14,3650 days,Catlin Ames/Kevin Lachapelle,Gayle Zydlewski,Universtiy of Maine,Shortnose Sturgeon,Acipenser brevirostrum,Penobscot River,44.68104,-68.81750,W,NA,1.01,7.55,FORK,,,Adult,Unknown,,U,Yes,,,Penobscot River,44.68104,-68.81750,2017/07/14T00:00:00,,8.8392,,,,,Penobscot River,,,,TRICAINE METHANESULFONATE,,TRICAINE METHANESULFONATE,SODIUM BICARBONATE,,,,,,,,,,,,,,,,,,,,,,,
3DD.003BEF36B8,Acoustic,VEMCO,V16-4x,1268734,14219,A69-9001,INTERNAL,"Midventral line incision, sutures",2017-07-14,3650 days,Catlin Ames/Kevin Lachapelle,Gayle Zydlewski,Universtiy of Maine,Atlantic Sturgeon,Acipenser oxyrinchus,Penobscot River,44.68104,-68.81750,W,NA,1.405,21.3,FORK,,,Adult,Unknown,,U,Yes,,,Penobscot River,44.68104,-68.81750,2017/07/14T00:00:00,,8.8392,,,,,Penobscot River,,,,TRICAINE METHANESULFONATE,,TRICAINE METHANESULFONATE,SODIUM BICARBONATE,,,,,,,,,,,,,,,,,,,,,,,
3DD.003BEF36BB,Acoustic,VEMCO,V16-4x,1268735,14220,A69-9001,INTERNAL,"Midventral line incision, sutures",2017-07-14,3650 days,Catlin Ames/Kevin Lachapelle,Gayle Zydlewski,Universtiy of Maine,Atlantic Sturgeon,Acipenser oxyrinchus,Penobscot River,44.68104,-68.81750,W,NA,1.487,25.3,FORK,,,Adult,Unknown,,U,Yes,,,Penobscot River,44.68104,-68.81750,2017/07/14T00:00:00,,8.8392,,,,,Penobscot River,,,,TRICAINE METHANESULFONATE,,TRICAINE METHANESULFONATE,SODIUM BICARBONATE,,,,,,,,,,,,,,,,,,,,,,,
3DD.003BEF36B6,Acoustic,VEMCO,V16-4x,1268215,14284,A69-9001,INTERNAL,"Midventral line incision, sutures",2017-07-26,3650 days,Catlin Ames/Kevin Lachapelle,Gayle Zydlewski,Universtiy of Maine,Shortnose Sturgeon,Acipenser brevirostrum,Penobscot River,44.74458,-68.8285,W,NA,0.755,3.55,FORK,,,Adult,Unknown,,U,Yes,,,Penobscot River,44.74458,-68.8285,2017/07/26T00:00:00,,6.6294,,,,,Penobscot River,,,,TRICAINE METHANESULFONATE,,TRICAINE METHANESULFONATE,SODIUM BICARBONATE,,,,,,,,,,,,,,,,,,,,,,,
3DD.003BEF36B2,Acoustic,VEMCO,V16-4x,1268217,14286,A69-9001,INTERNAL,"Midventral line incision, sutures",2017-07-27,3650 days,Catlin Ames/Kevin Lachapelle,Gayle Zydlewski,Universtiy of Maine,Shortnose Sturgeon,Acipenser brevirostrum,Penobscot River,44.78455,-68.77449,W,NA,0.718,3.05,FORK,,,Adult,Unknown,,U,Yes,,,Penobscot River,44.78455,-68.77449,2017/07/27T00:00:00,,4.6482,,,,,Penobscot River,,,,TRICAINE METHANESULFONATE,,TRICAINE METHANESULFONATE,SODIUM BICARBONATE,,,,,,,,,,,,,,,,,,,,,,,
3D9.1C2D7ECB46,Acoustic,VEMCO,V16-4x,1268220,14289,A69-9001,INTERNAL,"Midventral line incision, sutures",2017-08-01,3650 days,Catlin Ames/Kevin Lachapelle,Gayle Zydlewski,Universtiy of Maine,Shortnose Sturgeon,Acipenser brevirostrum,Penobscot River,44.68104,-68.81750,W,NA,0.879,6.5,FORK,,,Adult,Unknown,,F,Yes,,,Penobscot River,44.68104,-68.81750,2017/08/01T00:00:00,,7.142988,,,,,Penobscot River,,,,TRICAINE METHANESULFONATE,,TRICAINE METHANESULFONATE,SODIUM BICARBONATE,,,,,,,,,,,,,,,,,,,,,,,
3DD.003BEF36E0,Acoustic,VEMCO,V16-4x,1268219,14288,A69-9001,INTERNAL,"Midventral line incision, sutures",2017-08-01,3650 days,Catlin Ames/Kevin Lachapelle,Gayle Zydlewski,Universtiy of Maine,Shortnose Sturgeon,Acipenser brevirostrum,Penobscot River,44.68104,-68.81750,W,NA,0.849,5.65,FORK,,,Adult,Unknown,,F,Yes,,,Penobscot River,44.68104,-68.81750,2017/08/01T00:00:00,,7.142988,,,,,Penobscot River,,,,TRICAINE METHANESULFONATE,,TRICAINE METHANESULFONATE,SODIUM BICARBONATE,,,,,,,,,,,,,,,,,,,,,,,
3DD.003BEF36E1,Acoustic,VEMCO,V16-4x,1268223,14292,A69-9001,INTERNAL,"Midventral line incision, sutures",2017-08-14,3650 days,Catlin Ames/Kevin Lachapelle,Gayle Zydlewski,Universtiy of Maine,Shortnose Sturgeon,Acipenser brevirostrum,Penobscot River,44.68104,-68.81750,W,NA,0.776,4.25,FORK,,,Adult,Unknown,,F,Yes,,,Penobscot River,44.68104,-68.81750,2017/08/14T00:00:00,,8.933688,,,,,Penobscot River,,,,TRICAINE METHANESULFONATE,,TRICAINE METHANESULFONATE,SODIUM BICARBONATE,,,,,,,,,,,,,,,,,,,,,,,
3DD.003BEF36A8,Acoustic,VEMCO,V16-4x,1268218,14287,A69-9001,INTERNAL,"Midventral line incision, sutures",2017-08-15,3650 days,Catlin Ames/Kevin Lachapelle,Gayle Zydlewski,Universtiy of Maine,Shortnose Sturgeon,Acipenser brevirostrum,Penobscot River,44.73564,-68.83177,W,NA,0.733,3.8,FORK,,,Adult,Unknown,,F,Yes,,,Penobscot River,44.73564,-68.83177,2017/08/15T00:00:00,,5.436108,,,,,Penobscot River,,,,TRICAINE METHANESULFONATE,,TRICAINE METHANESULFONATE,SODIUM BICARBONATE,,,,,,,,,,,,,,,,,,,,,,,
3DD.003BEF36D6,Acoustic,VEMCO,V16-4x,1268731,14216,A69-9001,INTERNAL,"Midventral line incision, sutures",2017-08-23,3650 days,Catlin Ames/Kevin Lachapelle,Gayle Zydlewski,Universtiy of Maine,Atlantic Sturgeon,Acipenser oxyrinchus,Penobscot River,44.70229,-68.83387,W,NA,0.904,6.6,FORK,,,Juvenile,Unknown,,U,Yes,,,Penobscot River,44.70229,-68.83387,2017/08/23T00:00:00,,7.039356,,,,,Penobscot River,,,,TRICAINE METHANESULFONATE,,TRICAINE METHANESULFONATE,SODIUM BICARBONATE,,,,,,,,,,,,,,,,,,,,,,,
3DD.003BEF36C0,Acoustic,VEMCO,V16-4x,1268733,14218,A69-9001,INTERNAL,"Midventral line incision, sutures",2017-09-06,3650 days,Catlin Ames/Kevin Lachapelle,Gayle Zydlewski,Universtiy of Maine,Atlantic Sturgeon,Acipenser oxyrinchus,Penobscot River,44.70229,-68.83387,W,NA,0.7,2.9,FORK,,,Juvenile,Unknown,,U,Yes,,,Penobscot River,44.70229,-68.83387,2017/09/06T00:00:00,,9.07542,,,,,Penobscot River,,,,TRICAINE METHANESULFONATE,,TRICAINE METHANESULFONATE,SODIUM BICARBONATE,,,,,,,,,,,,,,,,,,,,,,,
3D9.1C2CABFF62,Acoustic,VEMCO,V16-4x,1268222,14291,A69-9001,INTERNAL,"Midventral line incision, sutures",2017-09-12,3650 days,Catlin Ames/Kevin Lachapelle,Gayle Zydlewski,Universtiy of Maine,Shortnose Sturgeon,Acipenser brevirostrum,Penobscot River,44.70229,-68.83387,W,NA,0.83,5.6,FORK,,,Adult,Unknown,,U,Yes,,,Penobscot River,44.70229,-68.83387,2017/09/12T00:00:00,,5.490972,,,,,Penobscot River,,,,TRICAINE METHANESULFONATE,,TRICAINE METHANESULFONATE,SODIUM BICARBONATE,,,,,,,,,,,,,,,,,,,,,,,
3D9.1C2D74F0C1,Acoustic,VEMCO,V16-4x,1268221,14290,A69-9001,INTERNAL,"Midventral line incision, sutures",2017-09-12,3650 days,Catlin Ames/Kevin Lachapelle,Gayle Zydlewski,Universtiy of Maine,Shortnose Sturgeon,Acipenser brevirostrum,Penobscot River,44.70229,-68.83387,W,NA,0.967,9,FORK,,,Adult,Unknown,,F,Yes,,,Penobscot River,44.70229,-68.83387,2017/09/12T00:00:00,,8.386572,,,,,Penobscot River,,,,TRICAINE METHANESULFONATE,,TRICAINE METHANESULFONATE,SODIUM BICARBONATE,,,,,,,,,,,,,,,,,,,,,,,
3DD.003BEF36DC,Acoustic,VEMCO,V16-4x,1268732,14217,A69-9001,INTERNAL,"Midventral line incision, sutures",2017-09-12,3650 days,Catlin Ames/Kevin Lachapelle,Gayle Zydlewski,Universtiy of Maine,Atlantic Sturgeon,Acipenser oxyrinchus,Penobscot River,44.70229,-68.83387,W,NA,1.302,19.2,FORK,,,Adult,Unknown,,U,Yes,,,Penobscot River,44.70229,-68.83387,2017/09/12T00:00:00,,5.490972,,,,,Penobscot River,,,,TRICAINE METHANESULFONATE,,TRICAINE METHANESULFONATE,SODIUM BICARBONATE,,,,,,,,,,,,,,,,,,,,,,,
3D9.1C2CAB31D5,Acoustic,VEMCO,V16-4x,1268224,14293,A69-9001,INTERNAL,"Midventral line incision, sutures",2017-09-13,3650 days,Catlin Ames/Kevin Lachapelle,Gayle Zydlewski,Universtiy of Maine,Shortnose Sturgeon,Acipenser brevirostrum,Penobscot River,44.70229,-68.83387,W,NA,0.852,5.4,FORK,,,Adult,Unknown,,U,Yes,,,Penobscot River,44.70229,-68.83387,2017/09/13T00:00:00,,5.88264,,,,,Penobscot River,,,,TRICAINE METHANESULFONATE,,TRICAINE METHANESULFONATE,SODIUM BICARBONATE,,,,,,,,,,,,,,,,,,,,,,,
3DD.003BEF363C,Acoustic,VEMCO,V16-4x,1251359,11180,A69-9002,INTERNAL,"Midventral line incision, sutures",2018-06-12,2427 days,Catlin Ames/Kevin Lachapelle,Gayle Zydlewski,Universtiy of Maine,Shortnose Sturgeon,Acipenser brevirostrum,Penobscot River,44.94181,-68.64457,W,NA,0.612,1.7,FORK,,,Adult,Unknown,,U,Yes,,,Penobscot River,44.93041,-68.6401,2018/06/12T00:00:00,,0,,,,,Penobscot River,,,,TRICAINE METHANESULFONATE,,TRICAINE METHANESULFONATE,SODIUM BICARBONATE,,,,,,,,,,,,,,,,,,,,,,,
3DD.003BEF367A,Acoustic,VEMCO,V16-4x,1251358,11179,A69-9002,INTERNAL,"Midventral line incision, sutures",2018-07-01,2427 days,Catlin Ames/Kevin Lachapelle,Gayle Zydlewski,Universtiy of Maine,Shortnose Sturgeon,Acipenser brevirostrum,Penobscot River,44.94181,-68.64457,W,NA,0.818,3.05,FORK,,,Adult,Unknown,,U,Yes,,,Penobscot River,44.93041,-68.6401,2018/07/01T00:00:00,,0,,,,,Penobscot River,,,,TRICAINE METHANESULFONATE,,TRICAINE METHANESULFONATE,SODIUM BICARBONATE,,,,,,,,,,,,,,,,,,,,,,,
3DD.003BEF3694,Acoustic,VEMCO,V16-4x,1299384,9164,A69-9001,INTERNAL,"Midventral line incision, sutures",2018-07-19,3650 days,Catlin Ames/Kevin Lachapelle,Gayle Zydlewski,Universtiy of Maine,Atlantic Sturgeon,Acipenser oxyrinchus,Penobscot River,44.70229,-68.83387,W,NA,0.792,4.35,FORK,,,Juvenile,Unknown,,U,Yes,,,Penobscot River,44.70229,-68.83387,2018/07/19T00:00:00,,7.310628,,,,,Penobscot River,,,,TRICAINE METHANESULFONATE,,TRICAINE METHANESULFONATE,SODIUM BICARBONATE,,,,,,,,,,,,,,,,,,,,,,,
3DD.003BEF3652,Acoustic,VEMCO,V16-4x,1299381,9161,A69-9001,INTERNAL,"Midventral line incision, sutures",2018-07-20,3650 days,Catlin Ames/Kevin Lachapelle,Gayle Zydlewski,Universtiy of Maine,Atlantic Sturgeon,Acipenser oxyrinchus,Penobscot River,44.70229,-68.83387,W,NA,0.875,6.1,FORK,,,Juvenile,Unknown,,U,Yes,,,Penobscot River,44.70229,-68.83387,2018/07/20T00:00:00,,7.8486,,,,,Penobscot River,,,,TRICAINE METHANESULFONATE,,TRICAINE METHANESULFONATE,SODIUM BICARBONATE,,,,,,,,,,,,,,,,,,,,,,,
3DD.003BEF3660,Acoustic,VEMCO,V16-4x,1299385,9165,A69-9001,INTERNAL,"Midventral line incision, sutures",2018-07-20,3650 days,Catlin Ames/Kevin Lachapelle,Gayle Zydlewski,Universtiy of Maine,Atlantic Sturgeon,Acipenser oxyrinchus,Penobscot River,44.70229,-68.83387,W,NA,0.932,6.4,FORK,,,Juvenile,Unknown,,U,Yes,,,Penobscot River,44.70229,-68.83387,2018/07/20T00:00:00,,7.8486,,,,,Penobscot River,,,,TRICAINE METHANESULFONATE,,TRICAINE METHANESULFONATE,SODIUM BICARBONATE,,,,,,,,,,,,,,,,,,,,,,,
3DD.003BEF3638,Acoustic,VEMCO,V16-4x,1299382,9162,A69-9001,INTERNAL,"Midventral line incision, sutures",2018-07-20,3650 days,Catlin Ames/Kevin Lachapelle,Gayle Zydlewski,Universtiy of Maine,Atlantic Sturgeon,Acipenser oxyrinchus,Penobscot River,44.70229,-68.83387,W,NA,0.88,6.1,FORK,,,Juvenile,Unknown,,U,Yes,,,Penobscot River,44.70229,-68.83387,2018/07/20T00:00:00,,7.8486,,,,,Penobscot River,,,,TRICAINE METHANESULFONATE,,TRICAINE METHANESULFONATE,SODIUM BICARBONATE,,,,,,,,,,,,,,,,,,,,,,,
3DD.003BEF3655,Acoustic,VEMCO,V16-4x,1299383,9163,A69-9001,INTERNAL,"Midventral line incision, sutures",2018-09-13,3650 days,Catlin Ames/Kevin Lachapelle,Gayle Zydlewski,Universtiy of Maine,Atlantic Sturgeon,Acipenser oxyrinchus,Penobscot River,44.70229,-68.83387,W,NA,1.458,30.8,FORK,,,Adult,Unknown,,U,Yes,,,Penobscot River,44.70229,-68.83387,2018/09/13T00:00:00,,6.75132,,,,,Penobscot River,,,,TRICAINE METHANESULFONATE,,TRICAINE METHANESULFONATE,SODIUM BICARBONATE,,,,,,,,,,,,,,,,,,,,,,,
3DD.003C0103E4,Acoustic,VEMCO,V16-4x,1251361,11182,A69-9002,INTERNAL,"Midventral line incision, sutures",2019-07-09,2427 days,Joe Zydlewski,Gayle Zydlewski,Universtiy of Maine,Shortnose Sturgeon,Acipenser brevirostrum,Penobscot River,44.94181,-68.64457,W,NA,0.54,0.85,FORK,,,Sub-Adult,Unknown,,U,Yes,,,Penobscot River,44.93041,-68.6401,2019/07/09T00:00:00,,0,,,,,Penobscot River,,,,TRICAINE METHANESULFONATE,,TRICAINE METHANESULFONATE,SODIUM BICARBONATE,,,,,,,,,,,,,,,,,,,,,,,
,,,,,,,,,,,,,,,,,,,,,,,,,,,,,,,,,,,,,,,,,,,,,,,,,,,,,,,,,,,,,,,,,,,,,,,,,
,,,,,,,,,,,,,,,,,,,,,,,,,,,,,,,,,,,,,,,,,,,,,,,,,,,,,,,,,,,,,,,,,,,,,,,,,
,,,,,,,,,,,,,,,,,,,,,,,,,,,,,,,,,,,,,,,,,,,,,,,,,,,,,,,,,,,,,,,,,,,,,,,,,
,,,,,,,,,,,,,,,,,,,,,,,,,,,,,,,,,,,,,,,,,,,,,,,,,,,,,,,,,,,,,,,,,,,,,,,,,
,,,,,,,,,,,,,,,,,,,,,,,,,,,,,,,,,,,,,,,,,,,,,,,,,,,,,,,,,,,,,,,,,,,,,,,,,
,,,,,,,,,,,,,,,,,,,,,,,,,,,,,,,,,,,,,,,,,,,,,,,,,,,,,,,,,,,,,,,,,,,,,,,,,
,,,,,,,,,,,,,,,,,,,,,,,,,,,,,,,,,,,,,,,,,,,,,,,,,,,,,,,,,,,,,,,,,,,,,,,,,
,,,,,,,,,,,,,,,,,,,,,,,,,,,,,,,,,,,,,,,,,,,,,,,,,,,,,,,,,,,,,,,,,,,,,,,,,
,,,,,,,,,,,,,,,,,,,,,,,,,,,,,,,,,,,,,,,,,,,,,,,,,,,,,,,,,,,,,,,,,,,,,,,,,
,,,,,,,,,,,,,,,,,,,,,,,,,,,,,,,,,,,,,,,,,,,,,,,,,,,,,,,,,,,,,,,,,,,,,,,,,
,,,,,,,,,,,,,,,,,,,,,,,,,,,,,,,,,,,,,,,,,,,,,,,,,,,,,,,,,,,,,,,,,,,,,,,,,
,,,,,,,,,,,,,,,,,,,,,,,,,,,,,,,,,,,,,,,,,,,,,,,,,,,,,,,,,,,,,,,,,,,,,,,,,
,,,,,,,,,,,,,,,,,,,,,,,,,,,,,,,,,,,,,,,,,,,,,,,,,,,,,,,,,,,,,,,,,,,,,,,,,
,,,,,,,,,,,,,,,,,,,,,,,,,,,,,,,,,,,,,,,,,,,,,,,,,,,,,,,,,,,,,,,,,,,,,,,,,
,,,,,,,,,,,,,,,,,,,,,,,,,,,,,,,,,,,,,,,,,,,,,,,,,,,,,,,,,,,,,,,,,,,,,,,,,
,,,,,,,,,,,,,,,,,,,,,,,,,,,,,,,,,,,,,,,,,,,,,,,,,,,,,,,,,,,,,,,,,,,,,,,,,
,,,,,,,,,,,,,,,,,,,,,,,,,,,,,,,,,,,,,,,,,,,,,,,,,,,,,,,,,,,,,,,,,,,,,,,,,
,,,,,,,,,,,,,,,,,,,,,,,,,,,,,,,,,,,,,,,,,,,,,,,,,,,,,,,,,,,,,,,,,,,,,,,,,
,,,,,,,,,,,,,,,,,,,,,,,,,,,,,,,,,,,,,,,,,,,,,,,,,,,,,,,,,,,,,,,,,,,,,,,,,
,,,,,,,,,,,,,,,,,,,,,,,,,,,,,,,,,,,,,,,,,,,,,,,,,,,,,,,,,,,,,,,,,,,,,,,,,
,,,,,,,,,,,,,,,,,,,,,,,,,,,,,,,,,,,,,,,,,,,,,,,,,,,,,,,,,,,,,,,,,,,,,,,,,
,,,,,,,,,,,,,,,,,,,,,,,,,,,,,,,,,,,,,,,,,,,,,,,,,,,,,,,,,,,,,,,,,,,,,,,,,
,,,,,,,,,,,,,,,,,,,,,,,,,,,,,,,,,,,,,,,,,,,,,,,,,,,,,,,,,,,,,,,,,,,,,,,,,
,,,,,,,,,,,,,,,,,,,,,,,,,,,,,,,,,,,,,,,,,,,,,,,,,,,,,,,,,,,,,,,,,,,,,,,,,
,,,,,,,,,,,,,,,,,,,,,,,,,,,,,,,,,,,,,,,,,,,,,,,,,,,,,,,,,,,,,,,,,,,,,,,,,
,,,,,,,,,,,,,,,,,,,,,,,,,,,,,,,,,,,,,,,,,,,,,,,,,,,,,,,,,,,,,,,,,,,,,,,,,
,,,,,,,,,,,,,,,,,,,,,,,,,,,,,,,,,,,,,,,,,,,,,,,,,,,,,,,,,,,,,,,,,,,,,,,,,
,,,,,,,,,,,,,,,,,,,,,,,,,,,,,,,,,,,,,,,,,,,,,,,,,,,,,,,,,,,,,,,,,,,,,,,,,
,,,,,,,,,,,,,,,,,,,,,,,,,,,,,,,,,,,,,,,,,,,,,,,,,,,,,,,,,,,,,,,,,,,,,,,,,
,,,,,,,,,,,,,,,,,,,,,,,,,,,,,,,,,,,,,,,,,,,,,,,,,,,,,,,,,,,,,,,,,,,,,,,,,
,,,,,,,,,,,,,,,,,,,,,,,,,,,,,,,,,,,,,,,,,,,,,,,,,,,,,,,,,,,,,,,,,,,,,,,,,
,,,,,,,,,,,,,,,,,,,,,,,,,,,,,,,,,,,,,,,,,,,,,,,,,,,,,,,,,,,,,,,,,,,,,,,,,
,,,,,,,,,,,,,,,,,,,,,,,,,,,,,,,,,,,,,,,,,,,,,,,,,,,,,,,,,,,,,,,,,,,,,,,,,
,,,,,,,,,,,,,,,,,,,,,,,,,,,,,,,,,,,,,,,,,,,,,,,,,,,,,,,,,,,,,,,,,,,,,,,,,
,,,,,,,,,,,,,,,,,,,,,,,,,,,,,,,,,,,,,,,,,,,,,,,,,,,,,,,,,,,,,,,,,,,,,,,,,
,,,,,,,,,,,,,,,,,,,,,,,,,,,,,,,,,,,,,,,,,,,,,,,,,,,,,,,,,,,,,,,,,,,,,,,,,
,,,,,,,,,,,,,,,,,,,,,,,,,,,,,,,,,,,,,,,,,,,,,,,,,,,,,,,,,,,,,,,,,,,,,,,,,
,,,,,,,,,,,,,,,,,,,,,,,,,,,,,,,,,,,,,,,,,,,,,,,,,,,,,,,,,,,,,,,,,,,,,,,,,
,,,,,,,,,,,,,,,,,,,,,,,,,,,,,,,,,,,,,,,,,,,,,,,,,,,,,,,,,,,,,,,,,,,,,,,,,
,,,,,,,,,,,,,,,,,,,,,,,,,,,,,,,,,,,,,,,,,,,,,,,,,,,,,,,,,,,,,,,,,,,,,,,,,
,,,,,,,,,,,,,,,,,,,,,,,,,,,,,,,,,,,,,,,,,,,,,,,,,,,,,,,,,,,,,,,,,,,,,,,,,
,,,,,,,,,,,,,,,,,,,,,,,,,,,,,,,,,,,,,,,,,,,,,,,,,,,,,,,,,,,,,,,,,,,,,,,,,
,,,,,,,,,,,,,,,,,,,,,,,,,,,,,,,,,,,,,,,,,,,,,,,,,,,,,,,,,,,,,,,,,,,,,,,,,
,,,,,,,,,,,,,,,,,,,,,,,,,,,,,,,,,,,,,,,,,,,,,,,,,,,,,,,,,,,,,,,,,,,,,,,,,
,,,,,,,,,,,,,,,,,,,,,,,,,,,,,,,,,,,,,,,,,,,,,,,,,,,,,,,,,,,,,,,,,,,,,,,,,
,,,,,,,,,,,,,,,,,,,,,,,,,,,,,,,,,,,,,,,,,,,,,,,,,,,,,,,,,,,,,,,,,,,,,,,,,
,,,,,,,,,,,,,,,,,,,,,,,,,,,,,,,,,,,,,,,,,,,,,,,,,,,,,,,,,,,,,,,,,,,,,,,,,
,,,,,,,,,,,,,,,,,,,,,,,,,,,,,,,,,,,,,,,,,,,,,,,,,,,,,,,,,,,,,,,,,,,,,,,,,
,,,,,,,,,,,,,,,,,,,,,,,,,,,,,,,,,,,,,,,,,,,,,,,,,,,,,,,,,,,,,,,,,,,,,,,,,
,,,,,,,,,,,,,,,,,,,,,,,,,,,,,,,,,,,,,,,,,,,,,,,,,,,,,,,,,,,,,,,,,,,,,,,,,
,,,,,,,,,,,,,,,,,,,,,,,,,,,,,,,,,,,,,,,,,,,,,,,,,,,,,,,,,,,,,,,,,,,,,,,,,
,,,,,,,,,,,,,,,,,,,,,,,,,,,,,,,,,,,,,,,,,,,,,,,,,,,,,,,,,,,,,,,,,,,,,,,,,
,,,,,,,,,,,,,,,,,,,,,,,,,,,,,,,,,,,,,,,,,,,,,,,,,,,,,,,,,,,,,,,,,,,,,,,,,
,,,,,,,,,,,,,,,,,,,,,,,,,,,,,,,,,,,,,,,,,,,,,,,,,,,,,,,,,,,,,,,,,,,,,,,,,
,,,,,,,,,,,,,,,,,,,,,,,,,,,,,,,,,,,,,,,,,,,,,,,,,,,,,,,,,,,,,,,,,,,,,,,,,
,,,,,,,,,,,,,,,,,,,,,,,,,,,,,,,,,,,,,,,,,,,,,,,,,,,,,,,,,,,,,,,,,,,,,,,,,
,,,,,,,,,,,,,,,,,,,,,,,,,,,,,,,,,,,,,,,,,,,,,,,,,,,,,,,,,,,,,,,,,,,,,,,,,
,,,,,,,,,,,,,,,,,,,,,,,,,,,,,,,,,,,,,,,,,,,,,,,,,,,,,,,,,,,,,,,,,,,,,,,,,
,,,,,,,,,,,,,,,,,,,,,,,,,,,,,,,,,,,,,,,,,,,,,,,,,,,,,,,,,,,,,,,,,,,,,,,,,
,,,,,,,,,,,,,,,,,,,,,,,,,,,,,,,,,,,,,,,,,,,,,,,,,,,,,,,,,,,,,,,,,,,,,,,,,
,,,,,,,,,,,,,,,,,,,,,,,,,,,,,,,,,,,,,,,,,,,,,,,,,,,,,,,,,,,,,,,,,,,,,,,,,
,,,,,,,,,,,,,,,,,,,,,,,,,,,,,,,,,,,,,,,,,,,,,,,,,,,,,,,,,,,,,,,,,,,,,,,,,
,,,,,,,,,,,,,,,,,,,,,,,,,,,,,,,,,,,,,,,,,,,,,,,,,,,,,,,,,,,,,,,,,,,,,,,,,
,,,,,,,,,,,,,,,,,,,,,,,,,,,,,,,,,,,,,,,,,,,,,,,,,,,,,,,,,,,,,,,,,,,,,,,,,
,,,,,,,,,,,,,,,,,,,,,,,,,,,,,,,,,,,,,,,,,,,,,,,,,,,,,,,,,,,,,,,,,,,,,,,,,
,,,,,,,,,,,,,,,,,,,,,,,,,,,,,,,,,,,,,,,,,,,,,,,,,,,,,,,,,,,,,,,,,,,,,,,,,
,,,,,,,,,,,,,,,,,,,,,,,,,,,,,,,,,,,,,,,,,,,,,,,,,,,,,,,,,,,,,,,,,,,,,,,,,
,,,,,,,,,,,,,,,,,,,,,,,,,,,,,,,,,,,,,,,,,,,,,,,,,,,,,,,,,,,,,,,,,,,,,,,,,
,,,,,,,,,,,,,,,,,,,,,,,,,,,,,,,,,,,,,,,,,,,,,,,,,,,,,,,,,,,,,,,,,,,,,,,,,
,,,,,,,,,,,,,,,,,,,,,,,,,,,,,,,,,,,,,,,,,,,,,,,,,,,,,,,,,,,,,,,,,,,,,,,,,
,,,,,,,,,,,,,,,,,,,,,,,,,,,,,,,,,,,,,,,,,,,,,,,,,,,,,,,,,,,,,,,,,,,,,,,,,
,,,,,,,,,,,,,,,,,,,,,,,,,,,,,,,,,,,,,,,,,,,,,,,,,,,,,,,,,,,,,,,,,,,,,,,,,
,,,,,,,,,,,,,,,,,,,,,,,,,,,,,,,,,,,,,,,,,,,,,,,,,,,,,,,,,,,,,,,,,,,,,,,,,
,,,,,,,,,,,,,,,,,,,,,,,,,,,,,,,,,,,,,,,,,,,,,,,,,,,,,,,,,,,,,,,,,,,,,,,,,
,,,,,,,,,,,,,,,,,,,,,,,,,,,,,,,,,,,,,,,,,,,,,,,,,,,,,,,,,,,,,,,,,,,,,,,,,
,,,,,,,,,,,,,,,,,,,,,,,,,,,,,,,,,,,,,,,,,,,,,,,,,,,,,,,,,,,,,,,,,,,,,,,,,
,,,,,,,,,,,,,,,,,,,,,,,,,,,,,,,,,,,,,,,,,,,,,,,,,,,,,,,,,,,,,,,,,,,,,,,,,
,,,,,,,,,,,,,,,,,,,,,,,,,,,,,,,,,,,,,,,,,,,,,,,,,,,,,,,,,,,,,,,,,,,,,,,,,
,,,,,,,,,,,,,,,,,,,,,,,,,,,,,,,,,,,,,,,,,,,,,,,,,,,,,,,,,,,,,,,,,,,,,,,,,
,,,,,,,,,,,,,,,,,,,,,,,,,,,,,,,,,,,,,,,,,,,,,,,,,,,,,,,,,,,,,,,,,,,,,,,,,
,,,,,,,,,,,,,,,,,,,,,,,,,,,,,,,,,,,,,,,,,,,,,,,,,,,,,,,,,,,,,,,,,,,,,,,,,
,,,,,,,,,,,,,,,,,,,,,,,,,,,,,,,,,,,,,,,,,,,,,,,,,,,,,,,,,,,,,,,,,,,,,,,,,
,,,,,,,,,,,,,,,,,,,,,,,,,,,,,,,,,,,,,,,,,,,,,,,,,,,,,,,,,,,,,,,,,,,,,,,,,
,,,,,,,,,,,,,,,,,,,,,,,,,,,,,,,,,,,,,,,,,,,,,,,,,,,,,,,,,,,,,,,,,,,,,,,,,
,,,,,,,,,,,,,,,,,,,,,,,,,,,,,,,,,,,,,,,,,,,,,,,,,,,,,,,,,,,,,,,,,,,,,,,,,
,,,,,,,,,,,,,,,,,,,,,,,,,,,,,,,,,,,,,,,,,,,,,,,,,,,,,,,,,,,,,,,,,,,,,,,,,
,,,,,,,,,,,,,,,,,,,,,,,,,,,,,,,,,,,,,,,,,,,,,,,,,,,,,,,,,,,,,,,,,,,,,,,,,
,,,,,,,,,,,,,,,,,,,,,,,,,,,,,,,,,,,,,,,,,,,,,,,,,,,,,,,,,,,,,,,,,,,,,,,,,
,,,,,,,,,,,,,,,,,,,,,,,,,,,,,,,,,,,,,,,,,,,,,,,,,,,,,,,,,,,,,,,,,,,,,,,,,
,,,,,,,,,,,,,,,,,,,,,,,,,,,,,,,,,,,,,,,,,,,,,,,,,,,,,,,,,,,,,,,,,,,,,,,,,
,,,,,,,,,,,,,,,,,,,,,,,,,,,,,,,,,,,,,,,,,,,,,,,,,,,,,,,,,,,,,,,,,,,,,,,,,
,,,,,,,,,,,,,,,,,,,,,,,,,,,,,,,,,,,,,,,,,,,,,,,,,,,,,,,,,,,,,,,,,,,,,,,,,
,,,,,,,,,,,,,,,,,,,,,,,,,,,,,,,,,,,,,,,,,,,,,,,,,,,,,,,,,,,,,,,,,,,,,,,,,
,,,,,,,,,,,,,,,,,,,,,,,,,,,,,,,,,,,,,,,,,,,,,,,,,,,,,,,,,,,,,,,,,,,,,,,,,
,,,,,,,,,,,,,,,,,,,,,,,,,,,,,,,,,,,,,,,,,,,,,,,,,,,,,,,,,,,,,,,,,,,,,,,,,
,,,,,,,,,,,,,,,,,,,,,,,,,,,,,,,,,,,,,,,,,,,,,,,,,,,,,,,,,,,,,,,,,,,,,,,,,
,,,,,,,,,,,,,,,,,,,,,,,,,,,,,,,,,,,,,,,,,,,,,,,,,,,,,,,,,,,,,,,,,,,,,,,,,
,,,,,,,,,,,,,,,,,,,,,,,,,,,,,,,,,,,,,,,,,,,,,,,,,,,,,,,,,,,,,,,,,,,,,,,,,
,,,,,,,,,,,,,,,,,,,,,,,,,,,,,,,,,,,,,,,,,,,,,,,,,,,,,,,,,,,,,,,,,,,,,,,,,
,,,,,,,,,,,,,,,,,,,,,,,,,,,,,,,,,,,,,,,,,,,,,,,,,,,,,,,,,,,,,,,,,,,,,,,,,
,,,,,,,,,,,,,,,,,,,,,,,,,,,,,,,,,,,,,,,,,,,,,,,,,,,,,,,,,,,,,,,,,,,,,,,,,
,,,,,,,,,,,,,,,,,,,,,,,,,,,,,,,,,,,,,,,,,,,,,,,,,,,,,,,,,,,,,,,,,,,,,,,,,
,,,,,,,,,,,,,,,,,,,,,,,,,,,,,,,,,,,,,,,,,,,,,,,,,,,,,,,,,,,,,,,,,,,,,,,,,
,,,,,,,,,,,,,,,,,,,,,,,,,,,,,,,,,,,,,,,,,,,,,,,,,,,,,,,,,,,,,,,,,,,,,,,,,
,,,,,,,,,,,,,,,,,,,,,,,,,,,,,,,,,,,,,,,,,,,,,,,,,,,,,,,,,,,,,,,,,,,,,,,,,
,,,,,,,,,,,,,,,,,,,,,,,,,,,,,,,,,,,,,,,,,,,,,,,,,,,,,,,,,,,,,,,,,,,,,,,,,
,,,,,,,,,,,,,,,,,,,,,,,,,,,,,,,,,,,,,,,,,,,,,,,,,,,,,,,,,,,,,,,,,,,,,,,,,
,,,,,,,,,,,,,,,,,,,,,,,,,,,,,,,,,,,,,,,,,,,,,,,,,,,,,,,,,,,,,,,,,,,,,,,,,
,,,,,,,,,,,,,,,,,,,,,,,,,,,,,,,,,,,,,,,,,,,,,,,,,,,,,,,,,,,,,,,,,,,,,,,,,
,,,,,,,,,,,,,,,,,,,,,,,,,,,,,,,,,,,,,,,,,,,,,,,,,,,,,,,,,,,,,,,,,,,,,,,,,
,,,,,,,,,,,,,,,,,,,,,,,,,,,,,,,,,,,,,,,,,,,,,,,,,,,,,,,,,,,,,,,,,,,,,,,,,
,,,,,,,,,,,,,,,,,,,,,,,,,,,,,,,,,,,,,,,,,,,,,,,,,,,,,,,,,,,,,,,,,,,,,,,,,
,,,,,,,,,,,,,,,,,,,,,,,,,,,,,,,,,,,,,,,,,,,,,,,,,,,,,,,,,,,,,,,,,,,,,,,,,
,,,,,,,,,,,,,,,,,,,,,,,,,,,,,,,,,,,,,,,,,,,,,,,,,,,,,,,,,,,,,,,,,,,,,,,,,
,,,,,,,,,,,,,,,,,,,,,,,,,,,,,,,,,,,,,,,,,,,,,,,,,,,,,,,,,,,,,,,,,,,,,,,,,
,,,,,,,,,,,,,,,,,,,,,,,,,,,,,,,,,,,,,,,,,,,,,,,,,,,,,,,,,,,,,,,,,,,,,,,,,
,,,,,,,,,,,,,,,,,,,,,,,,,,,,,,,,,,,,,,,,,,,,,,,,,,,,,,,,,,,,,,,,,,,,,,,,,
,,,,,,,,,,,,,,,,,,,,,,,,,,,,,,,,,,,,,,,,,,,,,,,,,,,,,,,,,,,,,,,,,,,,,,,,,
,,,,,,,,,,,,,,,,,,,,,,,,,,,,,,,,,,,,,,,,,,,,,,,,,,,,,,,,,,,,,,,,,,,,,,,,,
,,,,,,,,,,,,,,,,,,,,,,,,,,,,,,,,,,,,,,,,,,,,,,,,,,,,,,,,,,,,,,,,,,,,,,,,,
,,,,,,,,,,,,,,,,,,,,,,,,,,,,,,,,,,,,,,,,,,,,,,,,,,,,,,,,,,,,,,,,,,,,,,,,,
,,,,,,,,,,,,,,,,,,,,,,,,,,,,,,,,,,,,,,,,,,,,,,,,,,,,,,,,,,,,,,,,,,,,,,,,,
,,,,,,,,,,,,,,,,,,,,,,,,,,,,,,,,,,,,,,,,,,,,,,,,,,,,,,,,,,,,,,,,,,,,,,,,,
,,,,,,,,,,,,,,,,,,,,,,,,,,,,,,,,,,,,,,,,,,,,,,,,,,,,,,,,,,,,,,,,,,,,,,,,,
,,,,,,,,,,,,,,,,,,,,,,,,,,,,,,,,,,,,,,,,,,,,,,,,,,,,,,,,,,,,,,,,,,,,,,,,,
,,,,,,,,,,,,,,,,,,,,,,,,,,,,,,,,,,,,,,,,,,,,,,,,,,,,,,,,,,,,,,,,,,,,,,,,,
,,,,,,,,,,,,,,,,,,,,,,,,,,,,,,,,,,,,,,,,,,,,,,,,,,,,,,,,,,,,,,,,,,,,,,,,,
,,,,,,,,,,,,,,,,,,,,,,,,,,,,,,,,,,,,,,,,,,,,,,,,,,,,,,,,,,,,,,,,,,,,,,,,,
,,,,,,,,,,,,,,,,,,,,,,,,,,,,,,,,,,,,,,,,,,,,,,,,,,,,,,,,,,,,,,,,,,,,,,,,,
,,,,,,,,,,,,,,,,,,,,,,,,,,,,,,,,,,,,,,,,,,,,,,,,,,,,,,,,,,,,,,,,,,,,,,,,,
,,,,,,,,,,,,,,,,,,,,,,,,,,,,,,,,,,,,,,,,,,,,,,,,,,,,,,,,,,,,,,,,,,,,,,,,,
,,,,,,,,,,,,,,,,,,,,,,,,,,,,,,,,,,,,,,,,,,,,,,,,,,,,,,,,,,,,,,,,,,,,,,,,,
,,,,,,,,,,,,,,,,,,,,,,,,,,,,,,,,,,,,,,,,,,,,,,,,,,,,,,,,,,,,,,,,,,,,,,,,,
,,,,,,,,,,,,,,,,,,,,,,,,,,,,,,,,,,,,,,,,,,,,,,,,,,,,,,,,,,,,,,,,,,,,,,,,,
,,,,,,,,,,,,,,,,,,,,,,,,,,,,,,,,,,,,,,,,,,,,,,,,,,,,,,,,,,,,,,,,,,,,,,,,,
,,,,,,,,,,,,,,,,,,,,,,,,,,,,,,,,,,,,,,,,,,,,,,,,,,,,,,,,,,,,,,,,,,,,,,,,,
,,,,,,,,,,,,,,,,,,,,,,,,,,,,,,,,,,,,,,,,,,,,,,,,,,,,,,,,,,,,,,,,,,,,,,,,,
,,,,,,,,,,,,,,,,,,,,,,,,,,,,,,,,,,,,,,,,,,,,,,,,,,,,,,,,,,,,,,,,,,,,,,,,,
,,,,,,,,,,,,,,,,,,,,,,,,,,,,,,,,,,,,,,,,,,,,,,,,,,,,,,,,,,,,,,,,,,,,,,,,,
,,,,,,,,,,,,,,,,,,,,,,,,,,,,,,,,,,,,,,,,,,,,,,,,,,,,,,,,,,,,,,,,,,,,,,,,,
,,,,,,,,,,,,,,,,,,,,,,,,,,,,,,,,,,,,,,,,,,,,,,,,,,,,,,,,,,,,,,,,,,,,,,,,,
,,,,,,,,,,,,,,,,,,,,,,,,,,,,,,,,,,,,,,,,,,,,,,,,,,,,,,,,,,,,,,,,,,,,,,,,,
,,,,,,,,,,,,,,,,,,,,,,,,,,,,,,,,,,,,,,,,,,,,,,,,,,,,,,,,,,,,,,,,,,,,,,,,,
,,,,,,,,,,,,,,,,,,,,,,,,,,,,,,,,,,,,,,,,,,,,,,,,,,,,,,,,,,,,,,,,,,,,,,,,,
,,,,,,,,,,,,,,,,,,,,,,,,,,,,,,,,,,,,,,,,,,,,,,,,,,,,,,,,,,,,,,,,,,,,,,,,,
,,,,,,,,,,,,,,,,,,,,,,,,,,,,,,,,,,,,,,,,,,,,,,,,,,,,,,,,,,,,,,,,,,,,,,,,,
,,,,,,,,,,,,,,,,,,,,,,,,,,,,,,,,,,,,,,,,,,,,,,,,,,,,,,,,,,,,,,,,,,,,,,,,,
,,,,,,,,,,,,,,,,,,,,,,,,,,,,,,,,,,,,,,,,,,,,,,,,,,,,,,,,,,,,,,,,,,,,,,,,,
,,,,,,,,,,,,,,,,,,,,,,,,,,,,,,,,,,,,,,,,,,,,,,,,,,,,,,,,,,,,,,,,,,,,,,,,,
,,,,,,,,,,,,,,,,,,,,,,,,,,,,,,,,,,,,,,,,,,,,,,,,,,,,,,,,,,,,,,,,,,,,,,,,,
,,,,,,,,,,,,,,,,,,,,,,,,,,,,,,,,,,,,,,,,,,,,,,,,,,,,,,,,,,,,,,,,,,,,,,,,,
,,,,,,,,,,,,,,,,,,,,,,,,,,,,,,,,,,,,,,,,,,,,,,,,,,,,,,,,,,,,,,,,,,,,,,,,,
,,,,,,,,,,,,,,,,,,,,,,,,,,,,,,,,,,,,,,,,,,,,,,,,,,,,,,,,,,,,,,,,,,,,,,,,,
,,,,,,,,,,,,,,,,,,,,,,,,,,,,,,,,,,,,,,,,,,,,,,,,,,,,,,,,,,,,,,,,,,,,,,,,,
,,,,,,,,,,,,,,,,,,,,,,,,,,,,,,,,,,,,,,,,,,,,,,,,,,,,,,,,,,,,,,,,,,,,,,,,,
,,,,,,,,,,,,,,,,,,,,,,,,,,,,,,,,,,,,,,,,,,,,,,,,,,,,,,,,,,,,,,,,,,,,,,,,,
,,,,,,,,,,,,,,,,,,,,,,,,,,,,,,,,,,,,,,,,,,,,,,,,,,,,,,,,,,,,,,,,,,,,,,,,,
,,,,,,,,,,,,,,,,,,,,,,,,,,,,,,,,,,,,,,,,,,,,,,,,,,,,,,,,,,,,,,,,,,,,,,,,,
,,,,,,,,,,,,,,,,,,,,,,,,,,,,,,,,,,,,,,,,,,,,,,,,,,,,,,,,,,,,,,,,,,,,,,,,,
,,,,,,,,,,,,,,,,,,,,,,,,,,,,,,,,,,,,,,,,,,,,,,,,,,,,,,,,,,,,,,,,,,,,,,,,,
,,,,,,,,,,,,,,,,,,,,,,,,,,,,,,,,,,,,,,,,,,,,,,,,,,,,,,,,,,,,,,,,,,,,,,,,,
,,,,,,,,,,,,,,,,,,,,,,,,,,,,,,,,,,,,,,,,,,,,,,,,,,,,,,,,,,,,,,,,,,,,,,,,,
,,,,,,,,,,,,,,,,,,,,,,,,,,,,,,,,,,,,,,,,,,,,,,,,,,,,,,,,,,,,,,,,,,,,,,,,,
,,,,,,,,,,,,,,,,,,,,,,,,,,,,,,,,,,,,,,,,,,,,,,,,,,,,,,,,,,,,,,,,,,,,,,,,,
,,,,,,,,,,,,,,,,,,,,,,,,,,,,,,,,,,,,,,,,,,,,,,,,,,,,,,,,,,,,,,,,,,,,,,,,,
,,,,,,,,,,,,,,,,,,,,,,,,,,,,,,,,,,,,,,,,,,,,,,,,,,,,,,,,,,,,,,,,,,,,,,,,,
,,,,,,,,,,,,,,,,,,,,,,,,,,,,,,,,,,,,,,,,,,,,,,,,,,,,,,,,,,,,,,,,,,,,,,,,,
,,,,,,,,,,,,,,,,,,,,,,,,,,,,,,,,,,,,,,,,,,,,,,,,,,,,,,,,,,,,,,,,,,,,,,,,,
,,,,,,,,,,,,,,,,,,,,,,,,,,,,,,,,,,,,,,,,,,,,,,,,,,,,,,,,,,,,,,,,,,,,,,,,,
,,,,,,,,,,,,,,,,,,,,,,,,,,,,,,,,,,,,,,,,,,,,,,,,,,,,,,,,,,,,,,,,,,,,,,,,,
,,,,,,,,,,,,,,,,,,,,,,,,,,,,,,,,,,,,,,,,,,,,,,,,,,,,,,,,,,,,,,,,,,,,,,,,,
,,,,,,,,,,,,,,,,,,,,,,,,,,,,,,,,,,,,,,,,,,,,,,,,,,,,,,,,,,,,,,,,,,,,,,,,,
,,,,,,,,,,,,,,,,,,,,,,,,,,,,,,,,,,,,,,,,,,,,,,,,,,,,,,,,,,,,,,,,,,,,,,,,,
,,,,,,,,,,,,,,,,,,,,,,,,,,,,,,,,,,,,,,,,,,,,,,,,,,,,,,,,,,,,,,,,,,,,,,,,,
,,,,,,,,,,,,,,,,,,,,,,,,,,,,,,,,,,,,,,,,,,,,,,,,,,,,,,,,,,,,,,,,,,,,,,,,,
,,,,,,,,,,,,,,,,,,,,,,,,,,,,,,,,,,,,,,,,,,,,,,,,,,,,,,,,,,,,,,,,,,,,,,,,,
,,,,,,,,,,,,,,,,,,,,,,,,,,,,,,,,,,,,,,,,,,,,,,,,,,,,,,,,,,,,,,,,,,,,,,,,,
,,,,,,,,,,,,,,,,,,,,,,,,,,,,,,,,,,,,,,,,,,,,,,,,,,,,,,,,,,,,,,,,,,,,,,,,,
,,,,,,,,,,,,,,,,,,,,,,,,,,,,,,,,,,,,,,,,,,,,,,,,,,,,,,,,,,,,,,,,,,,,,,,,,
,,,,,,,,,,,,,,,,,,,,,,,,,,,,,,,,,,,,,,,,,,,,,,,,,,,,,,,,,,,,,,,,,,,,,,,,,
,,,,,,,,,,,,,,,,,,,,,,,,,,,,,,,,,,,,,,,,,,,,,,,,,,,,,,,,,,,,,,,,,,,,,,,,,
,,,,,,,,,,,,,,,,,,,,,,,,,,,,,,,,,,,,,,,,,,,,,,,,,,,,,,,,,,,,,,,,,,,,,,,,,
,,,,,,,,,,,,,,,,,,,,,,,,,,,,,,,,,,,,,,,,,,,,,,,,,,,,,,,,,,,,,,,,,,,,,,,,,
,,,,,,,,,,,,,,,,,,,,,,,,,,,,,,,,,,,,,,,,,,,,,,,,,,,,,,,,,,,,,,,,,,,,,,,,,
,,,,,,,,,,,,,,,,,,,,,,,,,,,,,,,,,,,,,,,,,,,,,,,,,,,,,,,,,,,,,,,,,,,,,,,,,
,,,,,,,,,,,,,,,,,,,,,,,,,,,,,,,,,,,,,,,,,,,,,,,,,,,,,,,,,,,,,,,,,,,,,,,,,
,,,,,,,,,,,,,,,,,,,,,,,,,,,,,,,,,,,,,,,,,,,,,,,,,,,,,,,,,,,,,,,,,,,,,,,,,
,,,,,,,,,,,,,,,,,,,,,,,,,,,,,,,,,,,,,,,,,,,,,,,,,,,,,,,,,,,,,,,,,,,,,,,,,
,,,,,,,,,,,,,,,,,,,,,,,,,,,,,,,,,,,,,,,,,,,,,,,,,,,,,,,,,,,,,,,,,,,,,,,,,
,,,,,,,,,,,,,,,,,,,,,,,,,,,,,,,,,,,,,,,,,,,,,,,,,,,,,,,,,,,,,,,,,,,,,,,,,
,,,,,,,,,,,,,,,,,,,,,,,,,,,,,,,,,,,,,,,,,,,,,,,,,,,,,,,,,,,,,,,,,,,,,,,,,
,,,,,,,,,,,,,,,,,,,,,,,,,,,,,,,,,,,,,,,,,,,,,,,,,,,,,,,,,,,,,,,,,,,,,,,,,
,,,,,,,,,,,,,,,,,,,,,,,,,,,,,,,,,,,,,,,,,,,,,,,,,,,,,,,,,,,,,,,,,,,,,,,,,
,,,,,,,,,,,,,,,,,,,,,,,,,,,,,,,,,,,,,,,,,,,,,,,,,,,,,,,,,,,,,,,,,,,,,,,,,
,,,,,,,,,,,,,,,,,,,,,,,,,,,,,,,,,,,,,,,,,,,,,,,,,,,,,,,,,,,,,,,,,,,,,,,,,
,,,,,,,,,,,,,,,,,,,,,,,,,,,,,,,,,,,,,,,,,,,,,,,,,,,,,,,,,,,,,,,,,,,,,,,,,
,,,,,,,,,,,,,,,,,,,,,,,,,,,,,,,,,,,,,,,,,,,,,,,,,,,,,,,,,,,,,,,,,,,,,,,,,
,,,,,,,,,,,,,,,,,,,,,,,,,,,,,,,,,,,,,,,,,,,,,,,,,,,,,,,,,,,,,,,,,,,,,,,,,
,,,,,,,,,,,,,,,,,,,,,,,,,,,,,,,,,,,,,,,,,,,,,,,,,,,,,,,,,,,,,,,,,,,,,,,,,
,,,,,,,,,,,,,,,,,,,,,,,,,,,,,,,,,,,,,,,,,,,,,,,,,,,,,,,,,,,,,,,,,,,,,,,,,
,,,,,,,,,,,,,,,,,,,,,,,,,,,,,,,,,,,,,,,,,,,,,,,,,,,,,,,,,,,,,,,,,,,,,,,,,
,,,,,,,,,,,,,,,,,,,,,,,,,,,,,,,,,,,,,,,,,,,,,,,,,,,,,,,,,,,,,,,,,,,,,,,,,
,,,,,,,,,,,,,,,,,,,,,,,,,,,,,,,,,,,,,,,,,,,,,,,,,,,,,,,,,,,,,,,,,,,,,,,,,
,,,,,,,,,,,,,,,,,,,,,,,,,,,,,,,,,,,,,,,,,,,,,,,,,,,,,,,,,,,,,,,,,,,,,,,,,
,,,,,,,,,,,,,,,,,,,,,,,,,,,,,,,,,,,,,,,,,,,,,,,,,,,,,,,,,,,,,,,,,,,,,,,,,
,,,,,,,,,,,,,,,,,,,,,,,,,,,,,,,,,,,,,,,,,,,,,,,,,,,,,,,,,,,,,,,,,,,,,,,,,
,,,,,,,,,,,,,,,,,,,,,,,,,,,,,,,,,,,,,,,,,,,,,,,,,,,,,,,,,,,,,,,,,,,,,,,,,
,,,,,,,,,,,,,,,,,,,,,,,,,,,,,,,,,,,,,,,,,,,,,,,,,,,,,,,,,,,,,,,,,,,,,,,,,
,,,,,,,,,,,,,,,,,,,,,,,,,,,,,,,,,,,,,,,,,,,,,,,,,,,,,,,,,,,,,,,,,,,,,,,,,
,,,,,,,,,,,,,,,,,,,,,,,,,,,,,,,,,,,,,,,,,,,,,,,,,,,,,,,,,,,,,,,,,,,,,,,,,
,,,,,,,,,,,,,,,,,,,,,,,,,,,,,,,,,,,,,,,,,,,,,,,,,,,,,,,,,,,,,,,,,,,,,,,,,
,,,,,,,,,,,,,,,,,,,,,,,,,,,,,,,,,,,,,,,,,,,,,,,,,,,,,,,,,,,,,,,,,,,,,,,,,
,,,,,,,,,,,,,,,,,,,,,,,,,,,,,,,,,,,,,,,,,,,,,,,,,,,,,,,,,,,,,,,,,,,,,,,,,
,,,,,,,,,,,,,,,,,,,,,,,,,,,,,,,,,,,,,,,,,,,,,,,,,,,,,,,,,,,,,,,,,,,,,,,,,
,,,,,,,,,,,,,,,,,,,,,,,,,,,,,,,,,,,,,,,,,,,,,,,,,,,,,,,,,,,,,,,,,,,,,,,,,
,,,,,,,,,,,,,,,,,,,,,,,,,,,,,,,,,,,,,,,,,,,,,,,,,,,,,,,,,,,,,,,,,,,,,,,,,
,,,,,,,,,,,,,,,,,,,,,,,,,,,,,,,,,,,,,,,,,,,,,,,,,,,,,,,,,,,,,,,,,,,,,,,,,
,,,,,,,,,,,,,,,,,,,,,,,,,,,,,,,,,,,,,,,,,,,,,,,,,,,,,,,,,,,,,,,,,,,,,,,,,
,,,,,,,,,,,,,,,,,,,,,,,,,,,,,,,,,,,,,,,,,,,,,,,,,,,,,,,,,,,,,,,,,,,,,,,,,
,,,,,,,,,,,,,,,,,,,,,,,,,,,,,,,,,,,,,,,,,,,,,,,,,,,,,,,,,,,,,,,,,,,,,,,,,
,,,,,,,,,,,,,,,,,,,,,,,,,,,,,,,,,,,,,,,,,,,,,,,,,,,,,,,,,,,,,,,,,,,,,,,,,
,,,,,,,,,,,,,,,,,,,,,,,,,,,,,,,,,,,,,,,,,,,,,,,,,,,,,,,,,,,,,,,,,,,,,,,,,
,,,,,,,,,,,,,,,,,,,,,,,,,,,,,,,,,,,,,,,,,,,,,,,,,,,,,,,,,,,,,,,,,,,,,,,,,
,,,,,,,,,,,,,,,,,,,,,,,,,,,,,,,,,,,,,,,,,,,,,,,,,,,,,,,,,,,,,,,,,,,,,,,,,
,,,,,,,,,,,,,,,,,,,,,,,,,,,,,,,,,,,,,,,,,,,,,,,,,,,,,,,,,,,,,,,,,,,,,,,,,
,,,,,,,,,,,,,,,,,,,,,,,,,,,,,,,,,,,,,,,,,,,,,,,,,,,,,,,,,,,,,,,,,,,,,,,,,
,,,,,,,,,,,,,,,,,,,,,,,,,,,,,,,,,,,,,,,,,,,,,,,,,,,,,,,,,,,,,,,,,,,,,,,,,
,,,,,,,,,,,,,,,,,,,,,,,,,,,,,,,,,,,,,,,,,,,,,,,,,,,,,,,,,,,,,,,,,,,,,,,,,
,,,,,,,,,,,,,,,,,,,,,,,,,,,,,,,,,,,,,,,,,,,,,,,,,,,,,,,,,,,,,,,,,,,,,,,,,
,,,,,,,,,,,,,,,,,,,,,,,,,,,,,,,,,,,,,,,,,,,,,,,,,,,,,,,,,,,,,,,,,,,,,,,,,
,,,,,,,,,,,,,,,,,,,,,,,,,,,,,,,,,,,,,,,,,,,,,,,,,,,,,,,,,,,,,,,,,,,,,,,,,
,,,,,,,,,,,,,,,,,,,,,,,,,,,,,,,,,,,,,,,,,,,,,,,,,,,,,,,,,,,,,,,,,,,,,,,,,
,,,,,,,,,,,,,,,,,,,,,,,,,,,,,,,,,,,,,,,,,,,,,,,,,,,,,,,,,,,,,,,,,,,,,,,,,
,,,,,,,,,,,,,,,,,,,,,,,,,,,,,,,,,,,,,,,,,,,,,,,,,,,,,,,,,,,,,,,,,,,,,,,,,
,,,,,,,,,,,,,,,,,,,,,,,,,,,,,,,,,,,,,,,,,,,,,,,,,,,,,,,,,,,,,,,,,,,,,,,,,
,,,,,,,,,,,,,,,,,,,,,,,,,,,,,,,,,,,,,,,,,,,,,,,,,,,,,,,,,,,,,,,,,,,,,,,,,
,,,,,,,,,,,,,,,,,,,,,,,,,,,,,,,,,,,,,,,,,,,,,,,,,,,,,,,,,,,,,,,,,,,,,,,,,
,,,,,,,,,,,,,,,,,,,,,,,,,,,,,,,,,,,,,,,,,,,,,,,,,,,,,,,,,,,,,,,,,,,,,,,,,
,,,,,,,,,,,,,,,,,,,,,,,,,,,,,,,,,,,,,,,,,,,,,,,,,,,,,,,,,,,,,,,,,,,,,,,,,
,,,,,,,,,,,,,,,,,,,,,,,,,,,,,,,,,,,,,,,,,,,,,,,,,,,,,,,,,,,,,,,,,,,,,,,,,
,,,,,,,,,,,,,,,,,,,,,,,,,,,,,,,,,,,,,,,,,,,,,,,,,,,,,,,,,,,,,,,,,,,,,,,,,
,,,,,,,,,,,,,,,,,,,,,,,,,,,,,,,,,,,,,,,,,,,,,,,,,,,,,,,,,,,,,,,,,,,,,,,,,
,,,,,,,,,,,,,,,,,,,,,,,,,,,,,,,,,,,,,,,,,,,,,,,,,,,,,,,,,,,,,,,,,,,,,,,,,
,,,,,,,,,,,,,,,,,,,,,,,,,,,,,,,,,,,,,,,,,,,,,,,,,,,,,,,,,,,,,,,,,,,,,,,,,
,,,,,,,,,,,,,,,,,,,,,,,,,,,,,,,,,,,,,,,,,,,,,,,,,,,,,,,,,,,,,,,,,,,,,,,,,
,,,,,,,,,,,,,,,,,,,,,,,,,,,,,,,,,,,,,,,,,,,,,,,,,,,,,,,,,,,,,,,,,,,,,,,,,
,,,,,,,,,,,,,,,,,,,,,,,,,,,,,,,,,,,,,,,,,,,,,,,,,,,,,,,,,,,,,,,,,,,,,,,,,
,,,,,,,,,,,,,,,,,,,,,,,,,,,,,,,,,,,,,,,,,,,,,,,,,,,,,,,,,,,,,,,,,,,,,,,,,
,,,,,,,,,,,,,,,,,,,,,,,,,,,,,,,,,,,,,,,,,,,,,,,,,,,,,,,,,,,,,,,,,,,,,,,,,
,,,,,,,,,,,,,,,,,,,,,,,,,,,,,,,,,,,,,,,,,,,,,,,,,,,,,,,,,,,,,,,,,,,,,,,,,
,,,,,,,,,,,,,,,,,,,,,,,,,,,,,,,,,,,,,,,,,,,,,,,,,,,,,,,,,,,,,,,,,,,,,,,,,
,,,,,,,,,,,,,,,,,,,,,,,,,,,,,,,,,,,,,,,,,,,,,,,,,,,,,,,,,,,,,,,,,,,,,,,,,
,,,,,,,,,,,,,,,,,,,,,,,,,,,,,,,,,,,,,,,,,,,,,,,,,,,,,,,,,,,,,,,,,,,,,,,,,
,,,,,,,,,,,,,,,,,,,,,,,,,,,,,,,,,,,,,,,,,,,,,,,,,,,,,,,,,,,,,,,,,,,,,,,,,
,,,,,,,,,,,,,,,,,,,,,,,,,,,,,,,,,,,,,,,,,,,,,,,,,,,,,,,,,,,,,,,,,,,,,,,,,
,,,,,,,,,,,,,,,,,,,,,,,,,,,,,,,,,,,,,,,,,,,,,,,,,,,,,,,,,,,,,,,,,,,,,,,,,
,,,,,,,,,,,,,,,,,,,,,,,,,,,,,,,,,,,,,,,,,,,,,,,,,,,,,,,,,,,,,,,,,,,,,,,,,
,,,,,,,,,,,,,,,,,,,,,,,,,,,,,,,,,,,,,,,,,,,,,,,,,,,,,,,,,,,,,,,,,,,,,,,,,
,,,,,,,,,,,,,,,,,,,,,,,,,,,,,,,,,,,,,,,,,,,,,,,,,,,,,,,,,,,,,,,,,,,,,,,,,
,,,,,,,,,,,,,,,,,,,,,,,,,,,,,,,,,,,,,,,,,,,,,,,,,,,,,,,,,,,,,,,,,,,,,,,,,
,,,,,,,,,,,,,,,,,,,,,,,,,,,,,,,,,,,,,,,,,,,,,,,,,,,,,,,,,,,,,,,,,,,,,,,,,
,,,,,,,,,,,,,,,,,,,,,,,,,,,,,,,,,,,,,,,,,,,,,,,,,,,,,,,,,,,,,,,,,,,,,,,,,
,,,,,,,,,,,,,,,,,,,,,,,,,,,,,,,,,,,,,,,,,,,,,,,,,,,,,,,,,,,,,,,,,,,,,,,,,
,,,,,,,,,,,,,,,,,,,,,,,,,,,,,,,,,,,,,,,,,,,,,,,,,,,,,,,,,,,,,,,,,,,,,,,,,
,,,,,,,,,,,,,,,,,,,,,,,,,,,,,,,,,,,,,,,,,,,,,,,,,,,,,,,,,,,,,,,,,,,,,,,,,
,,,,,,,,,,,,,,,,,,,,,,,,,,,,,,,,,,,,,,,,,,,,,,,,,,,,,,,,,,,,,,,,,,,,,,,,,
,,,,,,,,,,,,,,,,,,,,,,,,,,,,,,,,,,,,,,,,,,,,,,,,,,,,,,,,,,,,,,,,,,,,,,,,,
,,,,,,,,,,,,,,,,,,,,,,,,,,,,,,,,,,,,,,,,,,,,,,,,,,,,,,,,,,,,,,,,,,,,,,,,,
,,,,,,,,,,,,,,,,,,,,,,,,,,,,,,,,,,,,,,,,,,,,,,,,,,,,,,,,,,,,,,,,,,,,,,,,,
,,,,,,,,,,,,,,,,,,,,,,,,,,,,,,,,,,,,,,,,,,,,,,,,,,,,,,,,,,,,,,,,,,,,,,,,,
,,,,,,,,,,,,,,,,,,,,,,,,,,,,,,,,,,,,,,,,,,,,,,,,,,,,,,,,,,,,,,,,,,,,,,,,,
,,,,,,,,,,,,,,,,,,,,,,,,,,,,,,,,,,,,,,,,,,,,,,,,,,,,,,,,,,,,,,,,,,,,,,,,,
,,,,,,,,,,,,,,,,,,,,,,,,,,,,,,,,,,,,,,,,,,,,,,,,,,,,,,,,,,,,,,,,,,,,,,,,,
,,,,,,,,,,,,,,,,,,,,,,,,,,,,,,,,,,,,,,,,,,,,,,,,,,,,,,,,,,,,,,,,,,,,,,,,,
,,,,,,,,,,,,,,,,,,,,,,,,,,,,,,,,,,,,,,,,,,,,,,,,,,,,,,,,,,,,,,,,,,,,,,,,,
,,,,,,,,,,,,,,,,,,,,,,,,,,,,,,,,,,,,,,,,,,,,,,,,,,,,,,,,,,,,,,,,,,,,,,,,,
,,,,,,,,,,,,,,,,,,,,,,,,,,,,,,,,,,,,,,,,,,,,,,,,,,,,,,,,,,,,,,,,,,,,,,,,,
,,,,,,,,,,,,,,,,,,,,,,,,,,,,,,,,,,,,,,,,,,,,,,,,,,,,,,,,,,,,,,,,,,,,,,,,,
,,,,,,,,,,,,,,,,,,,,,,,,,,,,,,,,,,,,,,,,,,,,,,,,,,,,,,,,,,,,,,,,,,,,,,,,,
,,,,,,,,,,,,,,,,,,,,,,,,,,,,,,,,,,,,,,,,,,,,,,,,,,,,,,,,,,,,,,,,,,,,,,,,,
,,,,,,,,,,,,,,,,,,,,,,,,,,,,,,,,,,,,,,,,,,,,,,,,,,,,,,,,,,,,,,,,,,,,,,,,,
,,,,,,,,,,,,,,,,,,,,,,,,,,,,,,,,,,,,,,,,,,,,,,,,,,,,,,,,,,,,,,,,,,,,,,,,,
,,,,,,,,,,,,,,,,,,,,,,,,,,,,,,,,,,,,,,,,,,,,,,,,,,,,,,,,,,,,,,,,,,,,,,,,,
,,,,,,,,,,,,,,,,,,,,,,,,,,,,,,,,,,,,,,,,,,,,,,,,,,,,,,,,,,,,,,,,,,,,,,,,,
,,,,,,,,,,,,,,,,,,,,,,,,,,,,,,,,,,,,,,,,,,,,,,,,,,,,,,,,,,,,,,,,,,,,,,,,,
,,,,,,,,,,,,,,,,,,,,,,,,,,,,,,,,,,,,,,,,,,,,,,,,,,,,,,,,,,,,,,,,,,,,,,,,,
,,,,,,,,,,,,,,,,,,,,,,,,,,,,,,,,,,,,,,,,,,,,,,,,,,,,,,,,,,,,,,,,,,,,,,,,,
,,,,,,,,,,,,,,,,,,,,,,,,,,,,,,,,,,,,,,,,,,,,,,,,,,,,,,,,,,,,,,,,,,,,,,,,,
,,,,,,,,,,,,,,,,,,,,,,,,,,,,,,,,,,,,,,,,,,,,,,,,,,,,,,,,,,,,,,,,,,,,,,,,,
,,,,,,,,,,,,,,,,,,,,,,,,,,,,,,,,,,,,,,,,,,,,,,,,,,,,,,,,,,,,,,,,,,,,,,,,,
,,,,,,,,,,,,,,,,,,,,,,,,,,,,,,,,,,,,,,,,,,,,,,,,,,,,,,,,,,,,,,,,,,,,,,,,,
,,,,,,,,,,,,,,,,,,,,,,,,,,,,,,,,,,,,,,,,,,,,,,,,,,,,,,,,,,,,,,,,,,,,,,,,,
,,,,,,,,,,,,,,,,,,,,,,,,,,,,,,,,,,,,,,,,,,,,,,,,,,,,,,,,,,,,,,,,,,,,,,,,,
,,,,,,,,,,,,,,,,,,,,,,,,,,,,,,,,,,,,,,,,,,,,,,,,,,,,,,,,,,,,,,,,,,,,,,,,,
,,,,,,,,,,,,,,,,,,,,,,,,,,,,,,,,,,,,,,,,,,,,,,,,,,,,,,,,,,,,,,,,,,,,,,,,,
,,,,,,,,,,,,,,,,,,,,,,,,,,,,,,,,,,,,,,,,,,,,,,,,,,,,,,,,,,,,,,,,,,,,,,,,,
,,,,,,,,,,,,,,,,,,,,,,,,,,,,,,,,,,,,,,,,,,,,,,,,,,,,,,,,,,,,,,,,,,,,,,,,,
,,,,,,,,,,,,,,,,,,,,,,,,,,,,,,,,,,,,,,,,,,,,,,,,,,,,,,,,,,,,,,,,,,,,,,,,,
,,,,,,,,,,,,,,,,,,,,,,,,,,,,,,,,,,,,,,,,,,,,,,,,,,,,,,,,,,,,,,,,,,,,,,,,,
,,,,,,,,,,,,,,,,,,,,,,,,,,,,,,,,,,,,,,,,,,,,,,,,,,,,,,,,,,,,,,,,,,,,,,,,,
,,,,,,,,,,,,,,,,,,,,,,,,,,,,,,,,,,,,,,,,,,,,,,,,,,,,,,,,,,,,,,,,,,,,,,,,,
,,,,,,,,,,,,,,,,,,,,,,,,,,,,,,,,,,,,,,,,,,,,,,,,,,,,,,,,,,,,,,,,,,,,,,,,,
,,,,,,,,,,,,,,,,,,,,,,,,,,,,,,,,,,,,,,,,,,,,,,,,,,,,,,,,,,,,,,,,,,,,,,,,,
,,,,,,,,,,,,,,,,,,,,,,,,,,,,,,,,,,,,,,,,,,,,,,,,,,,,,,,,,,,,,,,,,,,,,,,,,
,,,,,,,,,,,,,,,,,,,,,,,,,,,,,,,,,,,,,,,,,,,,,,,,,,,,,,,,,,,,,,,,,,,,,,,,,
,,,,,,,,,,,,,,,,,,,,,,,,,,,,,,,,,,,,,,,,,,,,,,,,,,,,,,,,,,,,,,,,,,,,,,,,,
,,,,,,,,,,,,,,,,,,,,,,,,,,,,,,,,,,,,,,,,,,,,,,,,,,,,,,,,,,,,,,,,,,,,,,,,,
,,,,,,,,,,,,,,,,,,,,,,,,,,,,,,,,,,,,,,,,,,,,,,,,,,,,,,,,,,,,,,,,,,,,,,,,,
,,,,,,,,,,,,,,,,,,,,,,,,,,,,,,,,,,,,,,,,,,,,,,,,,,,,,,,,,,,,,,,,,,,,,,,,,
,,,,,,,,,,,,,,,,,,,,,,,,,,,,,,,,,,,,,,,,,,,,,,,,,,,,,,,,,,,,,,,,,,,,,,,,,
,,,,,,,,,,,,,,,,,,,,,,,,,,,,,,,,,,,,,,,,,,,,,,,,,,,,,,,,,,,,,,,,,,,,,,,,,
,,,,,,,,,,,,,,,,,,,,,,,,,,,,,,,,,,,,,,,,,,,,,,,,,,,,,,,,,,,,,,,,,,,,,,,,,
,,,,,,,,,,,,,,,,,,,,,,,,,,,,,,,,,,,,,,,,,,,,,,,,,,,,,,,,,,,,,,,,,,,,,,,,,
,,,,,,,,,,,,,,,,,,,,,,,,,,,,,,,,,,,,,,,,,,,,,,,,,,,,,,,,,,,,,,,,,,,,,,,,,
,,,,,,,,,,,,,,,,,,,,,,,,,,,,,,,,,,,,,,,,,,,,,,,,,,,,,,,,,,,,,,,,,,,,,,,,,
,,,,,,,,,,,,,,,,,,,,,,,,,,,,,,,,,,,,,,,,,,,,,,,,,,,,,,,,,,,,,,,,,,,,,,,,,
,,,,,,,,,,,,,,,,,,,,,,,,,,,,,,,,,,,,,,,,,,,,,,,,,,,,,,,,,,,,,,,,,,,,,,,,,
,,,,,,,,,,,,,,,,,,,,,,,,,,,,,,,,,,,,,,,,,,,,,,,,,,,,,,,,,,,,,,,,,,,,,,,,,
,,,,,,,,,,,,,,,,,,,,,,,,,,,,,,,,,,,,,,,,,,,,,,,,,,,,,,,,,,,,,,,,,,,,,,,,,
,,,,,,,,,,,,,,,,,,,,,,,,,,,,,,,,,,,,,,,,,,,,,,,,,,,,,,,,,,,,,,,,,,,,,,,,,
,,,,,,,,,,,,,,,,,,,,,,,,,,,,,,,,,,,,,,,,,,,,,,,,,,,,,,,,,,,,,,,,,,,,,,,,,
,,,,,,,,,,,,,,,,,,,,,,,,,,,,,,,,,,,,,,,,,,,,,,,,,,,,,,,,,,,,,,,,,,,,,,,,,
,,,,,,,,,,,,,,,,,,,,,,,,,,,,,,,,,,,,,,,,,,,,,,,,,,,,,,,,,,,,,,,,,,,,,,,,,
,,,,,,,,,,,,,,,,,,,,,,,,,,,,,,,,,,,,,,,,,,,,,,,,,,,,,,,,,,,,,,,,,,,,,,,,,
,,,,,,,,,,,,,,,,,,,,,,,,,,,,,,,,,,,,,,,,,,,,,,,,,,,,,,,,,,,,,,,,,,,,,,,,,
,,,,,,,,,,,,,,,,,,,,,,,,,,,,,,,,,,,,,,,,,,,,,,,,,,,,,,,,,,,,,,,,,,,,,,,,,
,,,,,,,,,,,,,,,,,,,,,,,,,,,,,,,,,,,,,,,,,,,,,,,,,,,,,,,,,,,,,,,,,,,,,,,,,
,,,,,,,,,,,,,,,,,,,,,,,,,,,,,,,,,,,,,,,,,,,,,,,,,,,,,,,,,,,,,,,,,,,,,,,,,
,,,,,,,,,,,,,,,,,,,,,,,,,,,,,,,,,,,,,,,,,,,,,,,,,,,,,,,,,,,,,,,,,,,,,,,,,
,,,,,,,,,,,,,,,,,,,,,,,,,,,,,,,,,,,,,,,,,,,,,,,,,,,,,,,,,,,,,,,,,,,,,,,,,
,,,,,,,,,,,,,,,,,,,,,,,,,,,,,,,,,,,,,,,,,,,,,,,,,,,,,,,,,,,,,,,,,,,,,,,,,
,,,,,,,,,,,,,,,,,,,,,,,,,,,,,,,,,,,,,,,,,,,,,,,,,,,,,,,,,,,,,,,,,,,,,,,,,
,,,,,,,,,,,,,,,,,,,,,,,,,,,,,,,,,,,,,,,,,,,,,,,,,,,,,,,,,,,,,,,,,,,,,,,,,
,,,,,,,,,,,,,,,,,,,,,,,,,,,,,,,,,,,,,,,,,,,,,,,,,,,,,,,,,,,,,,,,,,,,,,,,,
,,,,,,,,,,,,,,,,,,,,,,,,,,,,,,,,,,,,,,,,,,,,,,,,,,,,,,,,,,,,,,,,,,,,,,,,,
,,,,,,,,,,,,,,,,,,,,,,,,,,,,,,,,,,,,,,,,,,,,,,,,,,,,,,,,,,,,,,,,,,,,,,,,,
,,,,,,,,,,,,,,,,,,,,,,,,,,,,,,,,,,,,,,,,,,,,,,,,,,,,,,,,,,,,,,,,,,,,,,,,,
,,,,,,,,,,,,,,,,,,,,,,,,,,,,,,,,,,,,,,,,,,,,,,,,,,,,,,,,,,,,,,,,,,,,,,,,,
,,,,,,,,,,,,,,,,,,,,,,,,,,,,,,,,,,,,,,,,,,,,,,,,,,,,,,,,,,,,,,,,,,,,,,,,,
,,,,,,,,,,,,,,,,,,,,,,,,,,,,,,,,,,,,,,,,,,,,,,,,,,,,,,,,,,,,,,,,,,,,,,,,,
,,,,,,,,,,,,,,,,,,,,,,,,,,,,,,,,,,,,,,,,,,,,,,,,,,,,,,,,,,,,,,,,,,,,,,,,,
,,,,,,,,,,,,,,,,,,,,,,,,,,,,,,,,,,,,,,,,,,,,,,,,,,,,,,,,,,,,,,,,,,,,,,,,,
,,,,,,,,,,,,,,,,,,,,,,,,,,,,,,,,,,,,,,,,,,,,,,,,,,,,,,,,,,,,,,,,,,,,,,,,,
,,,,,,,,,,,,,,,,,,,,,,,,,,,,,,,,,,,,,,,,,,,,,,,,,,,,,,,,,,,,,,,,,,,,,,,,,
,,,,,,,,,,,,,,,,,,,,,,,,,,,,,,,,,,,,,,,,,,,,,,,,,,,,,,,,,,,,,,,,,,,,,,,,,
,,,,,,,,,,,,,,,,,,,,,,,,,,,,,,,,,,,,,,,,,,,,,,,,,,,,,,,,,,,,,,,,,,,,,,,,,
,,,,,,,,,,,,,,,,,,,,,,,,,,,,,,,,,,,,,,,,,,,,,,,,,,,,,,,,,,,,,,,,,,,,,,,,,
,,,,,,,,,,,,,,,,,,,,,,,,,,,,,,,,,,,,,,,,,,,,,,,,,,,,,,,,,,,,,,,,,,,,,,,,,
,,,,,,,,,,,,,,,,,,,,,,,,,,,,,,,,,,,,,,,,,,,,,,,,,,,,,,,,,,,,,,,,,,,,,,,,,
,,,,,,,,,,,,,,,,,,,,,,,,,,,,,,,,,,,,,,,,,,,,,,,,,,,,,,,,,,,,,,,,,,,,,,,,,
,,,,,,,,,,,,,,,,,,,,,,,,,,,,,,,,,,,,,,,,,,,,,,,,,,,,,,,,,,,,,,,,,,,,,,,,,
,,,,,,,,,,,,,,,,,,,,,,,,,,,,,,,,,,,,,,,,,,,,,,,,,,,,,,,,,,,,,,,,,,,,,,,,,
,,,,,,,,,,,,,,,,,,,,,,,,,,,,,,,,,,,,,,,,,,,,,,,,,,,,,,,,,,,,,,,,,,,,,,,,,
,,,,,,,,,,,,,,,,,,,,,,,,,,,,,,,,,,,,,,,,,,,,,,,,,,,,,,,,,,,,,,,,,,,,,,,,,
,,,,,,,,,,,,,,,,,,,,,,,,,,,,,,,,,,,,,,,,,,,,,,,,,,,,,,,,,,,,,,,,,,,,,,,,,
,,,,,,,,,,,,,,,,,,,,,,,,,,,,,,,,,,,,,,,,,,,,,,,,,,,,,,,,,,,,,,,,,,,,,,,,,
,,,,,,,,,,,,,,,,,,,,,,,,,,,,,,,,,,,,,,,,,,,,,,,,,,,,,,,,,,,,,,,,,,,,,,,,,
,,,,,,,,,,,,,,,,,,,,,,,,,,,,,,,,,,,,,,,,,,,,,,,,,,,,,,,,,,,,,,,,,,,,,,,,,
,,,,,,,,,,,,,,,,,,,,,,,,,,,,,,,,,,,,,,,,,,,,,,,,,,,,,,,,,,,,,,,,,,,,,,,,,
,,,,,,,,,,,,,,,,,,,,,,,,,,,,,,,,,,,,,,,,,,,,,,,,,,,,,,,,,,,,,,,,,,,,,,,,,
,,,,,,,,,,,,,,,,,,,,,,,,,,,,,,,,,,,,,,,,,,,,,,,,,,,,,,,,,,,,,,,,,,,,,,,,,
,,,,,,,,,,,,,,,,,,,,,,,,,,,,,,,,,,,,,,,,,,,,,,,,,,,,,,,,,,,,,,,,,,,,,,,,,
,,,,,,,,,,,,,,,,,,,,,,,,,,,,,,,,,,,,,,,,,,,,,,,,,,,,,,,,,,,,,,,,,,,,,,,,,
,,,,,,,,,,,,,,,,,,,,,,,,,,,,,,,,,,,,,,,,,,,,,,,,,,,,,,,,,,,,,,,,,,,,,,,,,
,,,,,,,,,,,,,,,,,,,,,,,,,,,,,,,,,,,,,,,,,,,,,,,,,,,,,,,,,,,,,,,,,,,,,,,,,
,,,,,,,,,,,,,,,,,,,,,,,,,,,,,,,,,,,,,,,,,,,,,,,,,,,,,,,,,,,,,,,,,,,,,,,,,
,,,,,,,,,,,,,,,,,,,,,,,,,,,,,,,,,,,,,,,,,,,,,,,,,,,,,,,,,,,,,,,,,,,,,,,,,
,,,,,,,,,,,,,,,,,,,,,,,,,,,,,,,,,,,,,,,,,,,,,,,,,,,,,,,,,,,,,,,,,,,,,,,,,
,,,,,,,,,,,,,,,,,,,,,,,,,,,,,,,,,,,,,,,,,,,,,,,,,,,,,,,,,,,,,,,,,,,,,,,,,
,,,,,,,,,,,,,,,,,,,,,,,,,,,,,,,,,,,,,,,,,,,,,,,,,,,,,,,,,,,,,,,,,,,,,,,,,
,,,,,,,,,,,,,,,,,,,,,,,,,,,,,,,,,,,,,,,,,,,,,,,,,,,,,,,,,,,,,,,,,,,,,,,,,
,,,,,,,,,,,,,,,,,,,,,,,,,,,,,,,,,,,,,,,,,,,,,,,,,,,,,,,,,,,,,,,,,,,,,,,,,
,,,,,,,,,,,,,,,,,,,,,,,,,,,,,,,,,,,,,,,,,,,,,,,,,,,,,,,,,,,,,,,,,,,,,,,,,
,,,,,,,,,,,,,,,,,,,,,,,,,,,,,,,,,,,,,,,,,,,,,,,,,,,,,,,,,,,,,,,,,,,,,,,,,
,,,,,,,,,,,,,,,,,,,,,,,,,,,,,,,,,,,,,,,,,,,,,,,,,,,,,,,,,,,,,,,,,,,,,,,,,
,,,,,,,,,,,,,,,,,,,,,,,,,,,,,,,,,,,,,,,,,,,,,,,,,,,,,,,,,,,,,,,,,,,,,,,,,
,,,,,,,,,,,,,,,,,,,,,,,,,,,,,,,,,,,,,,,,,,,,,,,,,,,,,,,,,,,,,,,,,,,,,,,,,
,,,,,,,,,,,,,,,,,,,,,,,,,,,,,,,,,,,,,,,,,,,,,,,,,,,,,,,,,,,,,,,,,,,,,,,,,
,,,,,,,,,,,,,,,,,,,,,,,,,,,,,,,,,,,,,,,,,,,,,,,,,,,,,,,,,,,,,,,,,,,,,,,,,
,,,,,,,,,,,,,,,,,,,,,,,,,,,,,,,,,,,,,,,,,,,,,,,,,,,,,,,,,,,,,,,,,,,,,,,,,
,,,,,,,,,,,,,,,,,,,,,,,,,,,,,,,,,,,,,,,,,,,,,,,,,,,,,,,,,,,,,,,,,,,,,,,,,
,,,,,,,,,,,,,,,,,,,,,,,,,,,,,,,,,,,,,,,,,,,,,,,,,,,,,,,,,,,,,,,,,,,,,,,,,
,,,,,,,,,,,,,,,,,,,,,,,,,,,,,,,,,,,,,,,,,,,,,,,,,,,,,,,,,,,,,,,,,,,,,,,,,
,,,,,,,,,,,,,,,,,,,,,,,,,,,,,,,,,,,,,,,,,,,,,,,,,,,,,,,,,,,,,,,,,,,,,,,,,
,,,,,,,,,,,,,,,,,,,,,,,,,,,,,,,,,,,,,,,,,,,,,,,,,,,,,,,,,,,,,,,,,,,,,,,,,
,,,,,,,,,,,,,,,,,,,,,,,,,,,,,,,,,,,,,,,,,,,,,,,,,,,,,,,,,,,,,,,,,,,,,,,,,
,,,,,,,,,,,,,,,,,,,,,,,,,,,,,,,,,,,,,,,,,,,,,,,,,,,,,,,,,,,,,,,,,,,,,,,,,
,,,,,,,,,,,,,,,,,,,,,,,,,,,,,,,,,,,,,,,,,,,,,,,,,,,,,,,,,,,,,,,,,,,,,,,,,
,,,,,,,,,,,,,,,,,,,,,,,,,,,,,,,,,,,,,,,,,,,,,,,,,,,,,,,,,,,,,,,,,,,,,,,,,
,,,,,,,,,,,,,,,,,,,,,,,,,,,,,,,,,,,,,,,,,,,,,,,,,,,,,,,,,,,,,,,,,,,,,,,,,
,,,,,,,,,,,,,,,,,,,,,,,,,,,,,,,,,,,,,,,,,,,,,,,,,,,,,,,,,,,,,,,,,,,,,,,,,
,,,,,,,,,,,,,,,,,,,,,,,,,,,,,,,,,,,,,,,,,,,,,,,,,,,,,,,,,,,,,,,,,,,,,,,,,
,,,,,,,,,,,,,,,,,,,,,,,,,,,,,,,,,,,,,,,,,,,,,,,,,,,,,,,,,,,,,,,,,,,,,,,,,
,,,,,,,,,,,,,,,,,,,,,,,,,,,,,,,,,,,,,,,,,,,,,,,,,,,,,,,,,,,,,,,,,,,,,,,,,
,,,,,,,,,,,,,,,,,,,,,,,,,,,,,,,,,,,,,,,,,,,,,,,,,,,,,,,,,,,,,,,,,,,,,,,,,
,,,,,,,,,,,,,,,,,,,,,,,,,,,,,,,,,,,,,,,,,,,,,,,,,,,,,,,,,,,,,,,,,,,,,,,,,
,,,,,,,,,,,,,,,,,,,,,,,,,,,,,,,,,,,,,,,,,,,,,,,,,,,,,,,,,,,,,,,,,,,,,,,,,
,,,,,,,,,,,,,,,,,,,,,,,,,,,,,,,,,,,,,,,,,,,,,,,,,,,,,,,,,,,,,,,,,,,,,,,,,
,,,,,,,,,,,,,,,,,,,,,,,,,,,,,,,,,,,,,,,,,,,,,,,,,,,,,,,,,,,,,,,,,,,,,,,,,
,,,,,,,,,,,,,,,,,,,,,,,,,,,,,,,,,,,,,,,,,,,,,,,,,,,,,,,,,,,,,,,,,,,,,,,,,
,,,,,,,,,,,,,,,,,,,,,,,,,,,,,,,,,,,,,,,,,,,,,,,,,,,,,,,,,,,,,,,,,,,,,,,,,
,,,,,,,,,,,,,,,,,,,,,,,,,,,,,,,,,,,,,,,,,,,,,,,,,,,,,,,,,,,,,,,,,,,,,,,,,
,,,,,,,,,,,,,,,,,,,,,,,,,,,,,,,,,,,,,,,,,,,,,,,,,,,,,,,,,,,,,,,,,,,,,,,,,
,,,,,,,,,,,,,,,,,,,,,,,,,,,,,,,,,,,,,,,,,,,,,,,,,,,,,,,,,,,,,,,,,,,,,,,,,
,,,,,,,,,,,,,,,,,,,,,,,,,,,,,,,,,,,,,,,,,,,,,,,,,,,,,,,,,,,,,,,,,,,,,,,,,
,,,,,,,,,,,,,,,,,,,,,,,,,,,,,,,,,,,,,,,,,,,,,,,,,,,,,,,,,,,,,,,,,,,,,,,,,
,,,,,,,,,,,,,,,,,,,,,,,,,,,,,,,,,,,,,,,,,,,,,,,,,,,,,,,,,,,,,,,,,,,,,,,,,
,,,,,,,,,,,,,,,,,,,,,,,,,,,,,,,,,,,,,,,,,,,,,,,,,,,,,,,,,,,,,,,,,,,,,,,,,
,,,,,,,,,,,,,,,,,,,,,,,,,,,,,,,,,,,,,,,,,,,,,,,,,,,,,,,,,,,,,,,,,,,,,,,,,
,,,,,,,,,,,,,,,,,,,,,,,,,,,,,,,,,,,,,,,,,,,,,,,,,,,,,,,,,,,,,,,,,,,,,,,,,
,,,,,,,,,,,,,,,,,,,,,,,,,,,,,,,,,,,,,,,,,,,,,,,,,,,,,,,,,,,,,,,,,,,,,,,,,
,,,,,,,,,,,,,,,,,,,,,,,,,,,,,,,,,,,,,,,,,,,,,,,,,,,,,,,,,,,,,,,,,,,,,,,,,
,,,,,,,,,,,,,,,,,,,,,,,,,,,,,,,,,,,,,,,,,,,,,,,,,,,,,,,,,,,,,,,,,,,,,,,,,
,,,,,,,,,,,,,,,,,,,,,,,,,,,,,,,,,,,,,,,,,,,,,,,,,,,,,,,,,,,,,,,,,,,,,,,,,
,,,,,,,,,,,,,,,,,,,,,,,,,,,,,,,,,,,,,,,,,,,,,,,,,,,,,,,,,,,,,,,,,,,,,,,,,
,,,,,,,,,,,,,,,,,,,,,,,,,,,,,,,,,,,,,,,,,,,,,,,,,,,,,,,,,,,,,,,,,,,,,,,,,
,,,,,,,,,,,,,,,,,,,,,,,,,,,,,,,,,,,,,,,,,,,,,,,,,,,,,,,,,,,,,,,,,,,,,,,,,
,,,,,,,,,,,,,,,,,,,,,,,,,,,,,,,,,,,,,,,,,,,,,,,,,,,,,,,,,,,,,,,,,,,,,,,,,
,,,,,,,,,,,,,,,,,,,,,,,,,,,,,,,,,,,,,,,,,,,,,,,,,,,,,,,,,,,,,,,,,,,,,,,,,
,,,,,,,,,,,,,,,,,,,,,,,,,,,,,,,,,,,,,,,,,,,,,,,,,,,,,,,,,,,,,,,,,,,,,,,,,
,,,,,,,,,,,,,,,,,,,,,,,,,,,,,,,,,,,,,,,,,,,,,,,,,,,,,,,,,,,,,,,,,,,,,,,,,
,,,,,,,,,,,,,,,,,,,,,,,,,,,,,,,,,,,,,,,,,,,,,,,,,,,,,,,,,,,,,,,,,,,,,,,,,
,,,,,,,,,,,,,,,,,,,,,,,,,,,,,,,,,,,,,,,,,,,,,,,,,,,,,,,,,,,,,,,,,,,,,,,,,
,,,,,,,,,,,,,,,,,,,,,,,,,,,,,,,,,,,,,,,,,,,,,,,,,,,,,,,,,,,,,,,,,,,,,,,,,
,,,,,,,,,,,,,,,,,,,,,,,,,,,,,,,,,,,,,,,,,,,,,,,,,,,,,,,,,,,,,,,,,,,,,,,,,
,,,,,,,,,,,,,,,,,,,,,,,,,,,,,,,,,,,,,,,,,,,,,,,,,,,,,,,,,,,,,,,,,,,,,,,,,
,,,,,,,,,,,,,,,,,,,,,,,,,,,,,,,,,,,,,,,,,,,,,,,,,,,,,,,,,,,,,,,,,,,,,,,,,
,,,,,,,,,,,,,,,,,,,,,,,,,,,,,,,,,,,,,,,,,,,,,,,,,,,,,,,,,,,,,,,,,,,,,,,,,
,,,,,,,,,,,,,,,,,,,,,,,,,,,,,,,,,,,,,,,,,,,,,,,,,,,,,,,,,,,,,,,,,,,,,,,,,
,,,,,,,,,,,,,,,,,,,,,,,,,,,,,,,,,,,,,,,,,,,,,,,,,,,,,,,,,,,,,,,,,,,,,,,,,
,,,,,,,,,,,,,,,,,,,,,,,,,,,,,,,,,,,,,,,,,,,,,,,,,,,,,,,,,,,,,,,,,,,,,,,,,
,,,,,,,,,,,,,,,,,,,,,,,,,,,,,,,,,,,,,,,,,,,,,,,,,,,,,,,,,,,,,,,,,,,,,,,,,
,,,,,,,,,,,,,,,,,,,,,,,,,,,,,,,,,,,,,,,,,,,,,,,,,,,,,,,,,,,,,,,,,,,,,,,,,
,,,,,,,,,,,,,,,,,,,,,,,,,,,,,,,,,,,,,,,,,,,,,,,,,,,,,,,,,,,,,,,,,,,,,,,,,
,,,,,,,,,,,,,,,,,,,,,,,,,,,,,,,,,,,,,,,,,,,,,,,,,,,,,,,,,,,,,,,,,,,,,,,,,
,,,,,,,,,,,,,,,,,,,,,,,,,,,,,,,,,,,,,,,,,,,,,,,,,,,,,,,,,,,,,,,,,,,,,,,,,
,,,,,,,,,,,,,,,,,,,,,,,,,,,,,,,,,,,,,,,,,,,,,,,,,,,,,,,,,,,,,,,,,,,,,,,,,
,,,,,,,,,,,,,,,,,,,,,,,,,,,,,,,,,,,,,,,,,,,,,,,,,,,,,,,,,,,,,,,,,,,,,,,,,
,,,,,,,,,,,,,,,,,,,,,,,,,,,,,,,,,,,,,,,,,,,,,,,,,,,,,,,,,,,,,,,,,,,,,,,,,
,,,,,,,,,,,,,,,,,,,,,,,,,,,,,,,,,,,,,,,,,,,,,,,,,,,,,,,,,,,,,,,,,,,,,,,,,
,,,,,,,,,,,,,,,,,,,,,,,,,,,,,,,,,,,,,,,,,,,,,,,,,,,,,,,,,,,,,,,,,,,,,,,,,
,,,,,,,,,,,,,,,,,,,,,,,,,,,,,,,,,,,,,,,,,,,,,,,,,,,,,,,,,,,,,,,,,,,,,,,,,
,,,,,,,,,,,,,,,,,,,,,,,,,,,,,,,,,,,,,,,,,,,,,,,,,,,,,,,,,,,,,,,,,,,,,,,,,
,,,,,,,,,,,,,,,,,,,,,,,,,,,,,,,,,,,,,,,,,,,,,,,,,,,,,,,,,,,,,,,,,,,,,,,,,
,,,,,,,,,,,,,,,,,,,,,,,,,,,,,,,,,,,,,,,,,,,,,,,,,,,,,,,,,,,,,,,,,,,,,,,,,
,,,,,,,,,,,,,,,,,,,,,,,,,,,,,,,,,,,,,,,,,,,,,,,,,,,,,,,,,,,,,,,,,,,,,,,,,
,,,,,,,,,,,,,,,,,,,,,,,,,,,,,,,,,,,,,,,,,,,,,,,,,,,,,,,,,,,,,,,,,,,,,,,,,
,,,,,,,,,,,,,,,,,,,,,,,,,,,,,,,,,,,,,,,,,,,,,,,,,,,,,,,,,,,,,,,,,,,,,,,,,
,,,,,,,,,,,,,,,,,,,,,,,,,,,,,,,,,,,,,,,,,,,,,,,,,,,,,,,,,,,,,,,,,,,,,,,,,
,,,,,,,,,,,,,,,,,,,,,,,,,,,,,,,,,,,,,,,,,,,,,,,,,,,,,,,,,,,,,,,,,,,,,,,,,
