"","FishID","Species","TagID","TagType","Origin","FishIDs","ProjectID","ReleaseSite","CaptureDate","CaptureLocation","Easting","Northing","ForkLength","TotalLength","LengthUnit","Mass","MassUnit","Alive","Recapture","InitialRelease","Sex","Interorbital","InsideMouth","OutsideMouth","DorsalScore","CaudalScore","FinClipObs","Surgeon","VIE","DevelopmentalStage","StockingMark1","StockingMark2","FinClip","ScaleSample","SensorType","SensorIDCode","SensorCodeSpace","System","Notes"
"1","2025-AST-0001","AST","A69-2801-201133","Acoustic","Wild","","","",2025-07-29,"Gardiner",438716,4899033,138,158,"cm",NA,"g",1,0,1,"UNK",102,33,61,NA,NA,NA,NA,NA,NA,NA,NA,NA,NA,"",NA,NA,"Kennebec",""
"2","2025-AST-0002","AST","A69-2801-201127","Acoustic","Wild","","","",2025-07-29,"Gardiner",438716,4899033,156,179,"cm",NA,"g",1,0,1,"UNK",138,61,101,NA,NA,NA,NA,NA,NA,NA,NA,NA,NA,"",NA,NA,"Kennebec",""
"3","2025-AST-0003","AST","A69-2801-201134","Acoustic","Wild","","","",2025-07-29,"Gardiner",438716,4899033,116,179,"cm",NA,"g",1,0,1,"UNK",138,41,71,NA,NA,NA,NA,NA,NA,NA,NA,NA,NA,"",NA,NA,"Kennebec",""
"4","2025-AST-0004","AST","A69-2801-201128","Acoustic","Wild","","","",2025-07-29,"Gardiner",438716,4899033,174,194,"cm",NA,"g",1,0,1,"UNK",NA,53,87,NA,NA,NA,NA,NA,NA,NA,NA,NA,NA,"",NA,NA,"Kennebec",""
"5","2025-AST-0005","AST","A69-2801-201131","Acoustic","Wild","","","",2025-07-29,"Gardiner",438716,4899033,156,177,"cm",NA,"g",1,0,1,"UNK",127,56,89,NA,NA,NA,NA,NA,NA,NA,NA,NA,NA,"",NA,NA,"Kennebec",""
"6","2025-AST-0006","AST","A69-2801-201130","Acoustic","Wild","","","",2025-07-29,"Gardiner",438716,4899033,134,149,"cm",NA,"g",1,0,1,"UNK",110,48,75,NA,NA,NA,NA,NA,NA,NA,NA,NA,NA,"",NA,NA,"Kennebec",""
"7","2025-AST-0007","AST","A69-2801-201132","Acoustic","Wild","","","",2025-07-29,"Gardiner",438716,4899033,149,173,"cm",NA,"g",1,0,1,"UNK",127,46,71,NA,NA,NA,NA,NA,NA,NA,NA,NA,NA,"",NA,NA,"Kennebec",""
"8","2025-AST-0008","AST","A69-2801-201212","Acoustic","Wild","","","",2025-07-29,"Gardiner",438716,4899033,147,170,"cm",NA,"g",1,0,1,"M",117,50,71,NA,NA,NA,NA,NA,NA,NA,NA,NA,NA,"",NA,NA,"Kennebec","Milt"
"9","2025-AST-0009","AST","A69-2801-201215","Acoustic","Wild","","","",2025-07-29,"Gardiner",438716,4899033,143,166,"cm",NA,"g",1,0,1,"M",117,55,71,NA,NA,NA,NA,NA,NA,NA,NA,NA,NA,"",NA,NA,"Kennebec","Milt"
"10","2025-AST-0010","AST","A69-2801-201246","Acoustic","Wild","","","",2025-08-05,"The Spindle",514494,4948116,94,113,"cm",NA,"g",1,0,1,"UNK",77,37,51,NA,NA,NA,NA,NA,NA,NA,NA,NA,NA,"",NA,NA,"Penobscot",""
"11","2025-AST-0011","AST","A69-2801-201243","Acoustic","Wild","","","",2025-08-05,"The Spindle",514494,4948116,87,101,"cm",NA,"g",1,0,1,"UNK",63,33,47,NA,NA,NA,NA,NA,NA,NA,NA,NA,NA,"",NA,NA,"Penobscot",""
"12","2025-AST-0012","AST","A69-2801-201242","Acoustic","Wild","","","",2025-08-05,"The Spindle",514494,4948116,90,108,"cm",NA,"g",1,0,1,"UNK",71,36,55,NA,NA,NA,NA,NA,NA,NA,NA,NA,NA,"",NA,NA,"Penobscot","RIGHT PECTORAL WOUND"
"13","2025-AST-0013","AST","A69-2801-201229","Acoustic","Wild","","","",2025-08-05,"The Spindle",514494,4948116,159,185,"cm",NA,"g",1,0,1,"UNK",120,59,85,NA,NA,NA,NA,NA,NA,NA,NA,NA,NA,"",NA,NA,"Penobscot",""
"14","2025-AST-0014","AST","A69-2801-201233","Acoustic","Wild","","","",2025-08-05,"The Spindle",514494,4948116,90,105,"cm",NA,"g",1,0,1,"UNK",73,39,52,NA,NA,NA,NA,NA,NA,NA,NA,NA,NA,"",NA,NA,"Penobscot",""
"15","2025-AST-0015","AST","A69-2801-201240","Acoustic","Wild","","","",2025-08-05,"The Spindle",514494,4948116,85,103,"cm",NA,"g",1,0,1,"UNK",79,34,53,NA,NA,NA,NA,NA,NA,NA,NA,NA,NA,"",NA,NA,"Penobscot",""
"16","2025-AST-0016","AST","A69-2801-201235","Acoustic","Wild","","","",2025-08-17,"The Spindle",514494,4948116,109,125,"cm",NA,"g",1,0,1,"UNK",91,48,68,NA,NA,NA,NA,NA,NA,NA,NA,NA,NA,"",NA,NA,"Penobscot",""
"17","2025-AST-0017","AST","A69-2801-201230","Acoustic","Wild","","","",2025-08-17,"The Spindle",514494,4948116,109,114,"cm",NA,"g",1,0,1,"UNK",80,43,59,NA,NA,NA,NA,NA,NA,NA,NA,NA,NA,"",NA,NA,"Penobscot",""
"18","2025-AST-0018","AST","A69-2801-201231","Acoustic","Wild","","","",2025-08-17,"The Spindle",514494,4948116,103,123,"cm",NA,"g",1,0,1,"UNK",85,43,64,NA,NA,NA,NA,NA,NA,NA,NA,NA,NA,"",NA,NA,"Penobscot",""
"19","2025-AST-0019","AST","A69-2801-201226","Acoustic","Wild","","","",2025-08-17,"The Spindle",514494,4948116,95,112,"cm",NA,"g",1,0,1,"UNK",75,34,56,NA,NA,NA,NA,NA,NA,NA,NA,NA,NA,"",NA,NA,"Penobscot",""
"20","2025-AST-0020","AST","A69-2801-201238","Acoustic","Wild","","","",2025-08-17,"The Spindle",514494,4948116,130,152,"cm",NA,"g",1,0,1,"UNK",113,49,74,NA,NA,NA,NA,NA,NA,NA,NA,NA,NA,"",NA,NA,"Penobscot",""
"21","2025-AST-0021","AST","A69-2801-201237","Acoustic","Wild","","","",2025-08-18,"The Spindle",514494,4948116,115,130,"cm",NA,"g",1,0,1,"UNK",93,41,69,NA,NA,NA,NA,NA,NA,NA,NA,NA,NA,"",NA,NA,"Penobscot",""
"22","2025-AST-0022","AST","A69-2801-201248","Acoustic","Wild","","","",2025-08-18,"The Spindle",514494,4948116,102,116,"cm",NA,"g",1,0,1,"UNK",81,41,58,NA,NA,NA,NA,NA,NA,NA,NA,NA,NA,"",NA,NA,"Penobscot",""
"23","2025-AST-0023","AST","A69-2801-201253","Acoustic","Wild","","","",2025-08-18,"The Spindle",514494,4948116,109,120,"cm",NA,"g",1,0,1,"UNK",92,42,63,NA,NA,NA,NA,NA,NA,NA,NA,NA,NA,"",NA,NA,"Penobscot",""
"24","2025-AST-0024","AST","A69-2801-201250","Acoustic","Wild","","","",2025-08-18,"The Spindle",514494,4948116,120,143,"cm",NA,"g",1,0,1,"UNK",96,48,73,NA,NA,NA,NA,NA,NA,NA,NA,NA,NA,"",NA,NA,"Penobscot",""
"25","AST-2007-025","AST","A69-2801-201228","Acoustic","Wild","Carlin: 31449; Genetic ID: G-154; Photo ID: 07-088;","Sturgeon-PNR","Penobscot River",2025-07-29,"Gardiner",438716,4899033,197,225,"cm",NA,"g",1,1,0,"UNK",NA,74,102,NA,NA,NA,NA,NA,NA,NA,NA,NA,NA,"",NA,NA,"Kennebec",""
"26","AST-2017-001","AST","1268734","Acoustic","Wild","FLOY: 53399; Genetic ID: G-1501; Photo ID: 17-032;","Sturgeon-PNR","Penobscot River",2017-07-14,"Penobscot",514534,4947641,140,170,"cm",21.3,"kg",1,0,1,"U",110,51,79,NA,NA,NA,NA,NA,NA,NA,NA,NA,NA,"",NA,NA,"Penobscot",""
"27","AST-2017-002","AST","1268735","Acoustic","Wild","FLOY: 53400; Genetic ID: G-1502; Photo ID: 17-033;","Sturgeon-PNR","Penobscot River",2017-07-14,"Penobscot",514534,4947641,148,171,"cm",25.3,"kg",1,0,1,"U",114,55,82,NA,NA,NA,NA,NA,NA,NA,NA,NA,NA,"",NA,NA,"Penobscot",""
"28","AST-2017-004","AST","1268731","Acoustic","Wild","FLOY: 53317; Genetic ID: G-1517; Photo ID: 17-052;","Sturgeon-PNR","Penobscot River",2017-08-23,"Penobscot",512995,4949601,90,107,"cm",6.6,"kg",1,0,1,"TT",69,39,53,NA,NA,NA,NA,NA,NA,NA,NA,NA,NA,"",NA,NA,"Penobscot",""
"29","AST-2017-006","AST","1268733","Acoustic","Wild","FLOY: 53321; Genetic ID: G-1520; Photo ID: 17-056;","Sturgeon-PNR","Penobscot River",2017-09-06,"Penobscot",512984,4949616,70,80,"cm",2.9,"kg",1,0,1,"TT",52,25,35,NA,NA,NA,NA,NA,NA,NA,NA,NA,NA,"",NA,NA,"Penobscot",""
"30","AST-2017-006","AST","1268733","Acoustic","Wild","FLOY: 53321; Genetic ID: G-1520; Photo ID: 17-056;","Sturgeon-PNR","Penobscot River",2018-09-13,"Penobscot",512950,4949689,86,97,"cm",5.55,"kg",1,1,0,"",63,35,44,NA,NA,NA,NA,NA,NA,NA,NA,NA,NA,"",NA,NA,"Penobscot",""
"31","AST-2017-008","AST","1268732","Acoustic","Wild","FLOY: 53328; Genetic ID: G-1523; Photo ID: 17-064;","Sturgeon-PNR","Penobscot River",2017-09-12,"Penobscot",513008,4949613,130,154,"cm",19.2,"kg",1,0,1,"TT",96,49,73,NA,NA,NA,NA,NA,NA,NA,NA,NA,NA,"",NA,NA,"Penobscot",""
"32","AST-2018-005","AST","1299384","Acoustic","Wild","FLOY: 54345; Genetic ID: G-1792; Photo ID: 18-045;","Sturgeon-PNR","Penobscot RIver",2018-07-19,"Penobscot",512941,4949677,79,91,"cm",4.35,"kg",1,0,1,"",63,32,43,NA,NA,NA,NA,NA,NA,NA,NA,NA,NA,"",NA,NA,"Penobscot",""
"33","AST-2018-006","AST","1299381","Acoustic","Wild","FLOY: 54351; Genetic ID: G-1798; Photo ID: 18-051;","Sturgeon-PNR","Penobscot RIver",2018-07-20,"Penobscot",512910,4949717,87,102,"cm",6.1,"kg",1,0,1,"TT",69,35,49,NA,NA,NA,NA,NA,NA,NA,NA,NA,NA,"",NA,NA,"Penobscot",""
"34","AST-2018-007","AST","1299385","Acoustic","Wild","FLOY: 54352; Genetic ID: G-1799; Photo ID: 18-052;","Sturgeon-PNR","Penobscot RIver",2018-07-20,"Penobscot",512910,4949717,93,108,"cm",6.4,"kg",1,0,1,"TT",71,40,50,NA,NA,NA,NA,NA,NA,NA,NA,NA,NA,"",NA,NA,"Penobscot",""
"35","AST-2018-008","AST","1299382","Acoustic","Wild","FLOY: 54353; Genetic ID: G-1800; Photo ID: 18-053;","Sturgeon-PNR","Penobscot RIver",2018-07-20,"Penobscot",512910,4949717,88,103,"cm",6.1,"kg",1,0,1,"TT",69,37,51,NA,NA,NA,NA,NA,NA,NA,NA,NA,NA,"",NA,NA,"Penobscot",""
"36","AST-2018-010","AST","1299383","Acoustic","Wild","FLOY: 54390; Genetic ID: G-1823; Photo ID: 18-084;","Sturgeon-PNR","Penobscot RIver",2018-09-13,"Penobscot",512950,4949689,145,172,"cm",30.8,"kg",1,0,1,"",121,56,82,NA,NA,NA,NA,NA,NA,NA,NA,NA,NA,"",NA,NA,"Penobscot",""
"37","AST-2019-026","AST","A69-2801-201249","Acoustic","Wild","FLOY: 54566; Genetic ID: G-1910; Photo ID: 19-095;","Sturgeon-PNR","Penobscot River",2019-07-30,"Penobscot",514772,4947174,159,189,"cm",31.8,"kg",1,0,1,"U",131,58,92,NA,NA,NA,NA,NA,NA,NA,NA,NA,NA,"",NA,NA,"Penobscot",""
"38","AST-2019-026","AST","A69-2801-201249","Acoustic","Wild","FLOY: 54566; Genetic ID: G-1910; Photo ID: 19-095;","Sturgeon-PNR","Penobscot River",2025-08-18,"The Spindle",514494,4948116,176,210,"cm",NA,"g",1,1,0,"UNK",176,69,112,NA,NA,NA,NA,NA,NA,NA,NA,NA,NA,"",NA,NA,"Penobscot","GIRTH 78CM"
"39","2025-SNS-0001","SNS","A69-2801-201219","Acoustic","Wild","","","",2025-08-04,"Hallowell",437291,4902372,73,88,"cm",NA,"g",1,0,1,"UNK",54,36,41,NA,NA,NA,NA,NA,NA,NA,NA,NA,NA,"",NA,NA,"Kennebec",""
"40","2025-SNS-0002","SNS","A69-2801-201218","Acoustic","Wild","","","",2025-08-04,"Hallowell",437291,4902372,68,82,"cm",NA,"g",1,0,1,"UNK",57,38,46,NA,NA,NA,NA,NA,NA,NA,NA,NA,NA,"",NA,NA,"Kennebec",""
"41","2025-SNS-0003","SNS","A69-2801-201216","Acoustic","Wild","","","",2025-08-04,"Hallowell",437291,4902372,65,76,"cm",NA,"g",1,0,1,"UNK",51,40,47,NA,NA,NA,NA,NA,NA,NA,NA,NA,NA,"",NA,NA,"Kennebec",""
"42","2025-SNS-0004","SNS","A69-2801-201221","Acoustic","Wild","","","",2025-08-04,"Hallowell",437291,4902372,75,86,"cm",NA,"g",1,0,1,"UNK",59,46,54,NA,NA,NA,NA,NA,NA,NA,NA,NA,NA,"",NA,NA,"Kennebec","NO RIGHT PEC"
"43","2025-SNS-0005","SNS","A69-2801-201220","Acoustic","Wild","","","",2025-08-04,"Hallowell",437291,4902372,65,77,"cm",NA,"g",1,0,1,"UNK",50,36,43,NA,NA,NA,NA,NA,NA,NA,NA,NA,NA,"",NA,NA,"Kennebec","WOUND L"
"44","2025-SNS-0006","SNS","A69-2801-201129","Acoustic","Wild","","","",2025-08-04,"Hallowell",437291,4902372,74,84,"cm",NA,"g",1,0,1,"UNK",57,44,55,NA,NA,NA,NA,NA,NA,NA,NA,NA,NA,"",NA,NA,"Kennebec","CAUDAL DEFORMITY"
"45","2025-SNS-0007","SNS","A69-2801-201223","Acoustic","Wild","","","",2025-08-04,"Hallowell",437291,4902372,65,76,"cm",NA,"g",1,0,1,"UNK",49,37,46,NA,NA,NA,NA,NA,NA,NA,NA,NA,NA,"",NA,NA,"Kennebec",""
"46","2025-SNS-0008","SNS","A69-2801-201222","Acoustic","Wild","","","",2025-08-04,"Hallowell",437291,4902372,70,82,"cm",NA,"g",1,0,1,"UNK",52,44,51,NA,NA,NA,NA,NA,NA,NA,NA,NA,NA,"",NA,NA,"Kennebec",""
"47","2025-SNS-0009","SNS","A69-2801-201217","Acoustic","Wild","","","",2025-08-04,"Hallowell",437291,4902372,68,82,"cm",NA,"g",1,0,1,"UNK",51,44,52,NA,NA,NA,NA,NA,NA,NA,NA,NA,NA,"",NA,NA,"Kennebec",""
"48","2025-SNS-0010","SNS","A69-2801-201214","Acoustic","Wild","","","",2025-08-04,"Hallowell",437291,4902372,58,70,"cm",NA,"g",1,0,1,"UNK",51,35,43,NA,NA,NA,NA,NA,NA,NA,NA,NA,NA,"",NA,NA,"Kennebec",""
"49","2025-SNS-0011","SNS","A69-2801-201213","Acoustic","Wild","","","",2025-08-04,"Hallowell",437291,4902372,59,69,"cm",NA,"g",1,0,1,"UNK",47,36,42,NA,NA,NA,NA,NA,NA,NA,NA,NA,NA,"",NA,NA,"Kennebec",""
"50","2025-SNS-0012","SNS","A69-2801-201225","Acoustic","Wild","","","",2025-08-04,"Hallowell",437291,4902372,63,75,"cm",NA,"g",1,0,1,"UNK",46,35,43,NA,NA,NA,NA,NA,NA,NA,NA,NA,NA,"",NA,NA,"Kennebec",""
"51","2025-SNS-0013","SNS","A69-2801-201224","Acoustic","Wild","","","",2025-08-04,"Hallowell",437291,4902372,65,77,"cm",NA,"g",1,0,1,"UNK",51,57,45,NA,NA,NA,NA,NA,NA,NA,NA,NA,NA,"",NA,NA,"Kennebec",""
"52","2025-SNS-0014","SNS","A69-2801-201236","Acoustic","Wild","","","",2025-08-05,"The Spindle",514494,4948116,87,102,"cm",NA,"g",1,0,1,"UNK",67,47,53,NA,NA,NA,NA,NA,NA,NA,NA,NA,NA,"",NA,NA,"Penobscot",""
"53","2025-SNS-0015","SNS","A69-2801-201241","Acoustic","Wild","","","",2025-08-05,"The Spindle",514494,4948116,95,109,"cm",NA,"g",1,0,1,"UNK",71,49,61,NA,NA,NA,NA,NA,NA,NA,NA,NA,NA,"",NA,NA,"Penobscot",""
"54","2025-SNS-0016","SNS","A69-2801-201245","Acoustic","Wild","","","",2025-08-05,"The Spindle",514494,4948116,109,118,"cm",NA,"g",1,0,1,"UNK",69,48,66,NA,NA,NA,NA,NA,NA,NA,NA,NA,NA,"",NA,NA,"Penobscot",""
"55","2025-SNS-0017","SNS","A69-2801-201239","Acoustic","Wild","","","",2025-08-05,"The Spindle",514494,4948116,94,108,"cm",NA,"g",1,0,1,"UNK",73,50,66,NA,NA,NA,NA,NA,NA,NA,NA,NA,NA,"",NA,NA,"Penobscot",""
"56","2025-SNS-0018","SNS","A69-2801-201252","Acoustic","Wild","","","",2025-08-17,"The Spindle",514494,4948116,94,107,"cm",NA,"g",1,0,1,"UNK",75,48,70,NA,NA,NA,NA,NA,NA,NA,NA,NA,NA,"",NA,NA,"Penobscot",""
"57","2025-SNS-0019","SNS","A69-2801-201251","Acoustic","Wild","","","",2025-08-17,"The Spindle",514494,4948116,85,97,"cm",NA,"g",1,0,1,"UNK",63,42,53,NA,NA,NA,NA,NA,NA,NA,NA,NA,NA,"",NA,NA,"Penobscot",""
"58","SNS-2008-007","SNS","1043691","Acoustic","Wild","Carlin: 31494; FLOY: 53395; Genetic ID: G-198; Photo ID: 17-028;","Sturgeon-PNR","Penobscot River",2017-07-14,"Penobscot",514534,4947641,101,118,"cm",7.55,"kg",1,1,0,"U",71,51,63,NA,NA,NA,NA,NA,NA,NA,NA,NA,NA,"",NA,NA,"Penobscot",""
"59","SNS-2008-007","SNS","1268216","Acoustic","Wild","Carlin: 31494; FLOY: 53395; Genetic ID: G-198; Photo ID: 17-028;","Sturgeon-PNR","Penobscot River",2017-07-14,"Penobscot",514534,4947641,101,118,"cm",7.55,"kg",1,1,0,"U",71,51,63,NA,NA,NA,NA,NA,NA,NA,NA,NA,NA,"",NA,NA,"Penobscot",""
"60","SNS-2008-093","SNS","1268224","Acoustic","Wild","Carlin: 32197; FLOY: 53129; Genetic ID: G-298; Photo ID: 17-070;","Sturgeon-PNR","Penobscot River",2016-11-23,"Penobscot River",522534,4963098,79,92,"cm",4,"kg",1,1,0,"TT",NA,NA,NA,NA,NA,NA,NA,NA,NA,NA,NA,NA,NA,"",NA,NA,"Penobscot",""
"61","SNS-2008-093","SNS","1268224","Acoustic","Wild","Carlin: 32197; FLOY: 53129; Genetic ID: G-298; Photo ID: 17-070;","Sturgeon-PNR","Penobscot River",2017-09-13,"Penobscot",512931,4949940,85,98,"cm",5.4,"kg",1,1,0,"",61,49,58,NA,NA,NA,NA,NA,NA,NA,NA,NA,NA,"",NA,NA,"Penobscot",""
"62","SNS-2008-093","SNS","1268224","Acoustic","Wild","Carlin: 32197; FLOY: 53129; Genetic ID: G-298; Photo ID: 17-070;","Sturgeon-PNR","Penobscot River",2018-08-16,"Penobscot",513241,4951878,86,101,"cm",6.5,"kg",1,1,0,"",61,49,56,NA,NA,NA,NA,NA,NA,NA,NA,NA,NA,"",NA,NA,"Penobscot",""
"63","SNS-2009-042","SNS","1068449","Acoustic","Wild","Carlin: 32295; FLOY: 53383; Genetic ID: G-417; Photo ID: 17-016;","Sturgeon-PNR","Penobscot River",2017-06-29,"Penobscot",513661,4954687,98,118,"cm",7.3,"kg",1,1,0,"U",69,48,59,NA,NA,NA,NA,NA,NA,NA,NA,NA,NA,"",NA,NA,"Penobscot",""
"64","SNS-2009-084","SNS","1221722","Acoustic","Wild","Carlin: 32333; FLOY: 102366; Genetic ID: G-457; Photo ID: 15-166;","Sturgeon-PNR","Penobscot River",2015-10-09,"Penobscot River",520289,4961984,89,104,"cm",7,"kg",1,1,0,"LF",66,54,61,NA,NA,NA,NA,NA,NA,NA,NA,NA,NA,"",NA,NA,"Penobscot",""
"65","SNS-2009-103","SNS","1063717","Acoustic","Wild","Carlin: 32354; FLOY: 102342; Genetic ID: G-481; Photo ID: 13-022;","Sturgeon-PNR","Penobscot River",2016-11-30,"Penobscot River",522391,4963114,87,97,"cm",5.35,"kg",1,1,0,"LF",NA,NA,NA,NA,NA,NA,NA,NA,NA,NA,NA,NA,NA,"",NA,NA,"Penobscot",""
"66","SNS-2009-103","SNS","1063717","Acoustic","Wild","Carlin: 32354; FLOY: 102342; Genetic ID: G-481; Photo ID: 13-022;","Sturgeon-PNR","Penobscot River",2018-11-08,"Penobscot",516781,4957731,87,98,"cm",4.45,"kg",1,1,0,"",61,43,56,NA,NA,NA,NA,NA,NA,NA,NA,NA,NA,"",NA,NA,"Penobscot",""
"67","SNS-2009-116","SNS","1098603","Acoustic","Wild","Carlin: 32985; FLOY: 102700; Genetic ID: G-494; Photo ID: 15-120;","Sturgeon-PNR","Penobscot River",2015-09-23,"Penobscot River",517178,4958274,90,105,"cm",5.9,"kg",1,1,0,"EF",67,44,55,NA,NA,NA,NA,NA,NA,NA,NA,NA,NA,"",NA,NA,"Penobscot",""
"68","SNS-2009-134","SNS","1194443","Acoustic","Wild","FLOY: 102729; Genetic ID: G-524; Photo ID: 15-022;","Sturgeon-PNR","Penobscot River",2015-07-09,"Penobscot River",514972,49467723,87,98,"cm",7.15,"kg",1,1,0,"EF",64,50,55,NA,NA,NA,NA,NA,NA,NA,NA,NA,NA,"",NA,NA,"Penobscot",""
"69","SNS-2010-111","SNS","1268222","Acoustic","Wild","Carlin: 33037; FLOY: 53326; Genetic ID: G-655; Photo ID: 17-062;","Sturgeon-PNR","Penobscot River",2017-09-12,"Penobscot",513008,4949613,83,95,"cm",5.6,"kg",1,1,0,"",61,48,58,NA,NA,NA,NA,NA,NA,NA,NA,NA,NA,"",NA,NA,"Penobscot",""
"70","SNS-2011-017","SNS","1268220","Acoustic","Wild","FLOY: 53306; Genetic ID: G-733; Photo ID: 17-041;","Sturgeon-PNR","Penobscot River",2017-08-01,"Penobscot",514486,4948140,87,102,"cm",6.5,"kg",1,1,0,"EF",62,44,55,NA,NA,NA,NA,NA,NA,NA,NA,NA,NA,"",NA,NA,"Penobscot",""
"71","SNS-2011-022","SNS","1268221","Acoustic","Wild","FLOY: 53325; Genetic ID: G-732; Photo ID: 17-107;","Sturgeon-PNR","Penobscot River",2017-09-12,"Penobscot",512847,4949674,96,104,"cm",9,"kg",1,1,0,"LF",73,55,69,NA,NA,NA,NA,NA,NA,NA,NA,NA,NA,"",NA,NA,"Penobscot",""
"72","SNS-2011-022","SNS","1268221","Acoustic","Wild","FLOY: 53325; Genetic ID: G-732; Photo ID: 17-107;","Sturgeon-PNR","Penobscot River",2017-10-09,"Penobscot",514503,4948144,94,102,"cm",8.7,"kg",1,1,0,"U",74,58,68,NA,NA,NA,NA,NA,NA,NA,NA,NA,NA,"",NA,NA,"Penobscot",""
"73","SNS-2011-040","SNS","1221721","Acoustic","Wild","FLOY: 102763; Genetic ID: G-744; Photo ID: 15-070;","Sturgeon-PNR","Penobscot River",2015-09-03,"Penobscot River",517253,4958195,97,108,"cm",10,"kg",1,1,0,"LF",73,59,68,NA,NA,NA,NA,NA,NA,NA,NA,NA,NA,"",NA,NA,"Penobscot",""
"74","SNS-2011-089","SNS","1147461","Acoustic","Wild","FLOY: 101191; Genetic ID: G-789; Photo ID: 12-136;","Sturgeon-PNR","Penobscot River",2016-07-13,"Penobscot River",514796,4946972,89,104,"cm",7.2,"kg",1,1,0,"EF",NA,NA,NA,NA,NA,NA,NA,NA,NA,NA,NA,NA,NA,"",NA,NA,"Penobscot",""
"75","SNS-2011-089","SNS","1147461","Acoustic","Wild","FLOY: 101191; Genetic ID: G-789; Photo ID: 12-136;","Sturgeon-PNR","Penobscot River",2019-11-26,"Penobscot",516906,4957934,90,106,"cm",5.9,"kg",1,1,0,"EF",73,43,59,NA,NA,NA,NA,NA,NA,NA,NA,NA,NA,"",NA,NA,"Penobscot",""
"76","SNS-2011-164","SNS","A69-2801-201247","Acoustic","Wild","FLOY: 102374; Genetic ID: G-847; Photo ID: 15-162;","Sturgeon-PNR","Penobscot River",2015-10-09,"Penobscot River",520289,4961984,85,99,"cm",4.35,"kg",1,1,0,"",63,42,49,NA,NA,NA,NA,NA,NA,NA,NA,NA,NA,"",NA,NA,"Penobscot",""
"77","SNS-2011-164","SNS","A69-2801-201247","Acoustic","Wild","FLOY: 102374; Genetic ID: G-847; Photo ID: 15-162;","Sturgeon-PNR","Penobscot River",2016-08-29,"Penobscot River",512940,4951490,88,102,"cm",5.4,"kg",1,1,0,"EF",NA,NA,NA,NA,NA,NA,NA,NA,NA,NA,NA,NA,NA,"",NA,NA,"Penobscot",""
"78","SNS-2011-164","SNS","A69-2801-201247","Acoustic","Wild","FLOY: 102374; Genetic ID: G-847; Photo ID: 15-162;","Sturgeon-PNR","Penobscot River",2025-08-05,"The Spindle",514494,4948116,90,104,"cm",NA,"g",1,1,0,"UNK",68,39,55,NA,NA,NA,NA,NA,NA,NA,NA,NA,NA,"",NA,NA,"Penobscot",""
"79","SNS-2012-007","SNS","A69-2801-201232","Acoustic","Wild","FLOY: 101239; Genetic ID: G-889; Photo ID: 12-034;","Sturgeon-PNR","Penobscot River",2025-08-05,"The Spindle",514494,4948116,89,100,"cm",NA,"g",1,1,0,"UNK",67,38,59,NA,NA,NA,NA,NA,NA,NA,NA,NA,NA,"",NA,NA,"Penobscot",""
"80","SNS-2012-070","SNS","1221727","Acoustic","Wild","FLOY: 102793; Genetic ID: G-951; Photo ID: 15-104;","Sturgeon-PNR","Penobscot River",2015-09-16,"Penobscot River",516750,4957176,89,101,"cm",6.45,"kg",1,1,0,"LF",64,49,60,NA,NA,NA,NA,NA,NA,NA,NA,NA,NA,"",NA,NA,"Penobscot",""
"81","SNS-2012-077","SNS","1147455","Acoustic","Wild","FLOY: 102744; Genetic ID: G-962; Photo ID: 17-091;","Sturgeon-PNR","Penobscot River",2015-07-09,"Penobscot River",514817,4946742,87,100,"cm",7.05,"kg",1,1,0,"U",67,51,60,NA,NA,NA,NA,NA,NA,NA,NA,NA,NA,"",NA,NA,"Penobscot",""
"82","SNS-2012-077","SNS","1147455","Acoustic","Wild","FLOY: 102744; Genetic ID: G-962; Photo ID: 17-091;","Sturgeon-PNR","Penobscot River",2017-09-19,"Penobscot",514594,4948102,94,108,"cm",8.1,"kg",1,1,0,"U",67,50,63,NA,NA,NA,NA,NA,NA,NA,NA,NA,NA,"",NA,NA,"Penobscot",""
"83","SNS-2015-019","SNS","1194446","Acoustic","Wild","FLOY: 102728; Genetic ID: G-1127; Photo ID: 15-028;","Sturgeon-PNR","Penobscot River",2015-07-09,"Penobscot River",514817,4946742,86,100,"cm",6.9,"kg",1,0,1,"EF",65,50,60,NA,NA,NA,NA,NA,NA,NA,NA,NA,NA,"",NA,NA,"Penobscot",""
"84","SNS-2015-019","SNS","1194446","Acoustic","Wild","FLOY: 102728; Genetic ID: G-1127; Photo ID: 15-028;","Sturgeon-PNR","Penobscot River",2016-11-23,"Penobscot River",522534,4963098,90,104,"cm",6.05,"kg",1,1,0,"U",NA,NA,NA,NA,NA,NA,NA,NA,NA,NA,NA,NA,NA,"",NA,NA,"Penobscot",""
"85","SNS-2015-021","SNS","1147448","Acoustic","Wild","FLOY: 102730; Genetic ID: G-1129; Photo ID: 15-031;","Sturgeon-PNR","Penobscot River",2015-07-16,"Penobscot River",512896,4949977,92,102,"cm",7.7,"kg",1,0,1,"EF",79,53,66,NA,NA,NA,NA,NA,NA,NA,NA,NA,NA,"",NA,NA,"Penobscot",""
"86","SNS-2015-025","SNS","1194447","Acoustic","Wild","FLOY: 102779; Genetic ID: G-1133; Photo ID: 15-039;","Sturgeon-PNR","Penobscot River",2015-07-21,"Penobscot River",514862,4946711,79,91,"cm",5.85,"kg",1,0,1,"EF",60,48,54,NA,NA,NA,NA,NA,NA,NA,NA,NA,NA,"",NA,NA,"Penobscot",""
"87","SNS-2015-026","SNS","1194440","Acoustic","Wild","FLOY: 102704; Genetic ID: G-1134; Photo ID: 15-040;","Sturgeon-PNR","Penobscot River",2015-07-21,"Penobscot River",514862,4946711,88,99,"cm",5.9,"kg",1,0,1,"EF",59,53,59,NA,NA,NA,NA,NA,NA,NA,NA,NA,NA,"",NA,NA,"Penobscot",""
"88","SNS-2015-031","SNS","1194441","Acoustic","Wild","FLOY: 102701; Genetic ID: G-1140; Photo ID: 15-220;","Sturgeon-PNR","Penobscot River",2015-08-06,"Penobscot River",514772,4947297,93,106,"cm",7.5,"kg",1,0,1,"EF",69,56,59,NA,NA,NA,NA,NA,NA,NA,NA,NA,NA,"",NA,NA,"Penobscot",""
"89","SNS-2015-031","SNS","1194441","Acoustic","Wild","FLOY: 102701; Genetic ID: G-1140; Photo ID: 15-220;","Sturgeon-PNR","Penobscot River",2015-10-16,"Penobscot River",520289,4961984,91,104,"cm",6.7,"kg",1,1,0,"EF",69,50,59,NA,NA,NA,NA,NA,NA,NA,NA,NA,NA,"",NA,NA,"Penobscot",""
"90","SNS-2015-034","SNS","1221724","Acoustic","Wild","FLOY: 102380; Genetic ID: G-1144; Photo ID: 15-053;","Sturgeon-PNR","Penobscot River",2015-08-07,"Penobscot River",512807,4950070,94,110,"cm",7.5,"kg",1,0,1,"EF",65,53,62,NA,NA,NA,NA,NA,NA,NA,NA,NA,NA,"",NA,NA,"Penobscot",""
"91","SNS-2015-034","SNS","1221724","Acoustic","Wild","FLOY: 102380; Genetic ID: G-1144; Photo ID: 15-053;","Sturgeon-PNR","Penobscot River",2019-07-30,"Penobscot",514772,4947174,96,111,"cm",6.15,"kg",1,1,0,"U",67,48,63,NA,NA,NA,NA,NA,NA,NA,NA,NA,NA,"",NA,NA,"Penobscot",""
"92","SNS-2015-038","SNS","1221719","Acoustic","Wild","FLOY: 102384; Genetic ID: G-1145; Photo ID: 15-054;","Sturgeon-PNR","Penobscot River",2015-08-07,"Penobscot River",512962,4949762,92,109,"cm",9.6,"kg",1,0,1,"EF",67,50,60,NA,NA,NA,NA,NA,NA,NA,NA,NA,NA,"",NA,NA,"Penobscot",""
"93","SNS-2015-043","SNS","1221720","Acoustic","Wild","FLOY: 53348; Genetic ID: G-1151; Photo ID: 17-085;","Sturgeon-PNR","Penobscot River",2015-08-20,"Penobscot River",512851,4950008,92,103,"cm",7.1,"kg",1,0,1,"EF",71,54,65,NA,NA,NA,NA,NA,NA,NA,NA,NA,NA,"",NA,NA,"Penobscot",""
"94","SNS-2015-043","SNS","1221720","Acoustic","Wild","FLOY: 53348; Genetic ID: G-1151; Photo ID: 17-085;","Sturgeon-PNR","Penobscot River",2017-09-14,"Penobscot",512949,4949697,95,107,"cm",7.85,"kg",1,1,0,"EF",73,57,75,NA,NA,NA,NA,NA,NA,NA,NA,NA,NA,"",NA,NA,"Penobscot",""
"95","SNS-2015-043","SNS","1221720","Acoustic","Wild","FLOY: 53348; Genetic ID: G-1151; Photo ID: 17-085;","Sturgeon-PNR","Penobscot River",2019-07-16,"Penobscot",514570,4947044,96,106,"cm",6.8,"kg",1,1,0,"U",74,49,67,NA,NA,NA,NA,NA,NA,NA,NA,NA,NA,"",NA,NA,"Penobscot",""
"96","SNS-2015-048","SNS","1221723","Acoustic","Wild","FLOY: 102376; Genetic ID: G-1156; Photo ID: 15-068;","Sturgeon-PNR","Penobscot River",2015-09-03,"Penobscot River",517148,4958288,91,105,"cm",5.4,"kg",1,0,1,"EF",70,56,57,NA,NA,NA,NA,NA,NA,NA,NA,NA,NA,"",NA,NA,"Penobscot",""
"97","SNS-2015-049","SNS","1221733","Acoustic","Wild","FLOY: 102774; Genetic ID: G-1157; Photo ID: 15-069;","Sturgeon-PNR","Penobscot River",2015-09-03,"Penobscot River",517152,4958133,82,96,"cm",4.7,"kg",1,0,1,"EF",64,51,55,NA,NA,NA,NA,NA,NA,NA,NA,NA,NA,"",NA,NA,"Penobscot",""
"98","SNS-2015-049","SNS","1221733","Acoustic","Wild","FLOY: 102774; Genetic ID: G-1157; Photo ID: 15-069;","Sturgeon-PNR","Penobscot River",2016-08-18,"Penobscot River",513014,4949586,84,98,"cm",4.9,"kg",1,1,0,"U",NA,NA,NA,NA,NA,NA,NA,NA,NA,NA,NA,NA,NA,"",NA,NA,"Penobscot",""
"99","SNS-2015-050","SNS","1221730","Acoustic","Wild","FLOY: 102702; Genetic ID: G-1158; Photo ID: 15-071;","Sturgeon-PNR","Penobscot River",2015-09-04,"Penobscot River",517099,4958195,91,98,"cm",6.55,"kg",1,0,1,"LF",64,45,54,NA,NA,NA,NA,NA,NA,NA,NA,NA,NA,"",NA,NA,"Penobscot",""
"100","SNS-2015-051","SNS","1221729","Acoustic","Wild","FLOY: 102311; Genetic ID: G-1159; Photo ID: 15-072;","Sturgeon-PNR","Penobscot River",2015-09-04,"Penobscot River",517165,49580401,86,98,"cm",5.4,"kg",1,0,1,"EF",66,47,58,NA,NA,NA,NA,NA,NA,NA,NA,NA,NA,"",NA,NA,"Penobscot",""
"101","SNS-2015-056","SNS","1221732","Acoustic","Wild","FLOY: 102771; Genetic ID: G-1163; Photo ID: 15-077;","Sturgeon-PNR","Penobscot River",2015-09-04,"Penobscot River",517230,4958380,97,99,"cm",7.2,"kg",1,0,1,"LF",64,51,57,NA,NA,NA,NA,NA,NA,NA,NA,NA,NA,"",NA,NA,"Penobscot",""
"102","SNS-2015-084","SNS","1221726","Acoustic","Wild","FLOY: 102714; Genetic ID: G-1193; Photo ID: 15-114;","Sturgeon-PNR","Penobscot River",2015-09-18,"Penobscot River",517165,4958288,92,105,"cm",7.2,"kg",1,0,1,"LF",68,52,57,NA,NA,NA,NA,NA,NA,NA,NA,NA,NA,"",NA,NA,"Penobscot",""
"103","SNS-2015-088","SNS","1221725","Acoustic","Wild","FLOY: 102718; Genetic ID: G-1198; Photo ID: 15-119;","Sturgeon-PNR","Penobscot River",2015-09-23,"Penobscot River",517178,4958274,85,99,"cm",5.8,"kg",1,0,1,"LF",69,47,57,NA,NA,NA,NA,NA,NA,NA,NA,NA,NA,"",NA,NA,"Penobscot",""
"104","SNS-2015-090","SNS","1221731","Acoustic","Wild","FLOY: 102706; Genetic ID: G-1196; Photo ID: 15-117;","Sturgeon-PNR","Penobscot River",2015-09-23,"Penobscot River",517090,4958226,81,95,"cm",4.8,"kg",1,0,1,"LF",57,40,51,NA,NA,NA,NA,NA,NA,NA,NA,NA,NA,"",NA,NA,"Penobscot",""
"105","SNS-2015-113","SNS","1221728","Acoustic","Wild","FLOY: 102373; Genetic ID: G-1221; Photo ID: 15-147;","Sturgeon-PNR","Penobscot River",2015-10-09,"Penobscot River",520289,4961984,94,112,"cm",7.8,"kg",1,0,1,"LF",67,52,61,NA,NA,NA,NA,NA,NA,NA,NA,NA,NA,"",NA,NA,"Penobscot",""
"106","SNS-2016-116","SNS","1251362","Acoustic","Wild","FLOY: 53046; Genetic ID: G-1433; Photo ID: 16-178;","Sturgeon-PNR","Penobscot River",2016-11-11,"Penobscot River",522376,4963146,70,81,"cm",2.55,"kg",1,0,1,"TT",NA,NA,NA,NA,NA,NA,NA,NA,NA,NA,NA,NA,NA,"T",11183,"9002","Penobscot",""
"107","SNS-2016-116","SNS","1251362","Acoustic","Wild","FLOY: 53046; Genetic ID: G-1433; Photo ID: 16-178;","Sturgeon-PNR","Penobscot River",2020-07-06,"Penobscot River",528022,4976571,77,91,"cm",3.45,"kg",1,1,0,"",NA,NA,NA,NA,NA,NA,NA,NA,NA,NA,NA,NA,NA,"T",11183,"9002","Penobscot",""
"108","SNS-2017-021","SNS","1251360","Acoustic","Wild","FLOY: 53394; Genetic ID: G-1497; Photo ID: 17-027;","Sturgeon-PNR","Penobscot River",2017-07-11,"Penobscot",NA,NA,62,73,"cm",1.5,"kg",1,0,1,"TT",44,32,35,NA,NA,NA,NA,NA,NA,NA,NA,NA,NA,"T",11181,"A69-9002","Penobscot",""
"109","SNS-2017-025","SNS","1268215","Acoustic","Wild","FLOY: 53301; Genetic ID: G-1503; Photo ID: 17-036;","Sturgeon-PNR","Penobscot River",2017-07-26,"Penobscot",513726,4954681,75,90,"cm",3.55,"kg",1,0,1,"TT",56,44,52,NA,NA,NA,NA,NA,NA,NA,NA,NA,NA,"",NA,NA,"Penobscot",""
"110","SNS-2017-027","SNS","1268217","Acoustic","Wild","FLOY: 53303; Genetic ID: G-1505; Photo ID: 17-038;","Sturgeon-PNR","Penobscot River",2017-07-27,"Penobscot",517724,4958887,71,82,"cm",3.05,"kg",1,0,1,"TT",47,36,45,NA,NA,NA,NA,NA,NA,NA,NA,NA,NA,"",NA,NA,"Penobscot",""
"111","SNS-2017-030","SNS","1268219","Acoustic","Wild","FLOY: 53307; Genetic ID: G-1508; Photo ID: 17-042;","Sturgeon-PNR","Penobscot River",2017-08-01,"Penobscot",514486,4948140,84,97,"cm",5.65,"kg",1,0,1,"LF",54,34,51,NA,NA,NA,NA,NA,NA,NA,NA,NA,NA,"",NA,NA,"Penobscot",""
"112","SNS-2017-033","SNS","1268223","Acoustic","Wild","FLOY: 53311; Genetic ID: G-1511; Photo ID: 17-046;","Sturgeon-PNR","Penobscot River",2017-08-14,"Penobscot",514533,4947474,77,89,"cm",4.25,"kg",1,0,1,"MF",53,37,49,NA,NA,NA,NA,NA,NA,NA,NA,NA,NA,"",NA,NA,"Penobscot",""
"113","SNS-2017-036","SNS","1268218","Acoustic","Wild","FLOY: 53314; Genetic ID: G-1514; Photo ID: 17-049;","Sturgeon-PNR","Penobscot River",2017-08-15,"Penobscot",513133,4952967,73,86,"cm",3.8,"kg",1,0,1,"MF",53,37,44,NA,NA,NA,NA,NA,NA,NA,NA,NA,NA,"",NA,NA,"Penobscot",""
"114","SNS-2017-068","SNS","A69-2801-201227","Acoustic","Wild","FLOY: 53181; Genetic ID: G-1587; Photo ID: 17-109;","Sturgeon-PNR","Penobscot River",2017-10-18,"Penobscot",513317,4952129,93,104,"cm",6,"kg",1,0,1,"U",61,44,61,NA,NA,NA,NA,NA,NA,NA,NA,NA,NA,"",NA,NA,"Penobscot",""
"115","SNS-2017-068","SNS","A69-2801-201227","Acoustic","Wild","FLOY: 53181; Genetic ID: G-1587; Photo ID: 17-109;","Sturgeon-PNR","Penobscot River",2025-08-17,"The Spindle",514494,4948116,96,114,"cm",NA,"g",1,1,0,"UNK",66,50,69,NA,NA,NA,NA,NA,NA,NA,NA,NA,NA,"",NA,NA,"Penobscot",""
"116","SNS-2017-228","SNS","A69-2801-201244","Acoustic","Wild","FLOY: 53262; Genetic ID: G-1751; Photo ID: 19-039;","Sturgeon-PNR","Penobscot River",2017-12-04,"Penobscot",520293,4961951,76,90,"cm",NA,"kg",1,0,1,"",57,37,48,NA,NA,NA,NA,NA,NA,NA,NA,NA,NA,"",NA,NA,"Penobscot",""
"117","SNS-2017-228","SNS","A69-2801-201244","Acoustic","Wild","FLOY: 53262; Genetic ID: G-1751; Photo ID: 19-039;","Sturgeon-PNR","Penobscot River",2019-06-19,"Penobscot",514480,4947602,80,97,"cm",4,"kg",1,1,0,"U",59,39,50,NA,NA,NA,NA,NA,NA,NA,NA,NA,NA,"",NA,NA,"Penobscot",""
"118","SNS-2017-228","SNS","A69-2801-201244","Acoustic","Wild","FLOY: 53262; Genetic ID: G-1751; Photo ID: 19-039;","Sturgeon-PNR","Penobscot River",2025-08-05,"The Spindle",514494,4948116,91,105,"cm",NA,"g",1,1,0,"UNK",73,49,59,NA,NA,NA,NA,NA,NA,NA,NA,NA,NA,"",NA,NA,"Penobscot",""
"119","SNS-2018-016","SNS","1251359","Acoustic","Wild","FLOY: 54328; Genetic ID: G-1776; Photo ID: 18-026;","Sturgeon-PNR","Penobscot RIver",2018-06-12,"Penobscot",528022,4976571,61,73,"cm",1.7,"kg",1,0,1,"TT",52,38,47,NA,NA,NA,NA,NA,NA,NA,NA,NA,NA,"T",11180,"9002","Penobscot","Caught at Milford Lift"
"120","SNS-2018-023","SNS","1251358","Acoustic","Wild","FLOY: 54336; Genetic ID: G-1785; Photo ID: 18-038;","Sturgeon-PNR","Penobscot RIver",2018-07-01,"Penobscot",528022,4976571,81,91,"cm",3.05,"kg",1,0,1,"U",59,41,51,NA,NA,NA,NA,NA,NA,NA,NA,NA,NA,"T",11179,"9002","Penobscot","Caught at Milford Lift"
"121","SNS-2019-036","SNS","1251361","Acoustic","Wild","FLOY: 54551; Genetic ID: G-1950;","Sturgeon-PNR","Penobscot River",2019-07-09,"Penobscot",528022,4976571,54,61,"cm",0.85,"kg",1,0,1,"",36,30,34,NA,NA,NA,NA,NA,NA,NA,NA,NA,NA,"T",11183,"9002","Penobscot","Caught at Milford Lift"
"122","SNS-2020-019","SNS","A69-2801-201234","Acoustic","Wild","Genetic ID: G-2039;","Sturgeon-PNR","Penobscot River",2020-08-17,"Penobscot River",514530,4947266,80,91,"cm",NA,"",1,0,1,"",57,43,53,NA,NA,NA,NA,NA,NA,NA,NA,NA,NA,"",NA,NA,"Penobscot",""
"123","SNS-2020-019","SNS","A69-2801-201234","Acoustic","Wild","Genetic ID: G-2039;","Sturgeon-PNR","Penobscot River",2025-08-05,"The Spindle",514494,4948116,86,101,"cm",NA,"g",1,1,0,"UNK",62,47,54,NA,NA,NA,NA,NA,NA,NA,NA,NA,NA,"",NA,NA,"Penobscot",""
