FishID,Species,TagID,TagType,Origin,FishIDs,ProjectID,ReleaseSite,CaptureDate,CaptureLocation,Easting,Northing,ForkLength,TotalLength,LengthUnit,Mass,MassUnit,Alive,Recapture,InitialRelease,Sex,Interorbital,InsideMouth,OutsideMouth,DorsalScore,CaudalScore,FinClipObs,Surgeon,VIE,DevelopmentalStage,StockingMark1,StockingMark2,FinClip,ScaleSample,SensorType,SensorIDCode,SensorCodeSpace,System,Notes
2025-AST-0001,AST,A69-2801-201133,Acoustic,Wild,,,,"2025-07-29 00:00:00",Gardiner,438716,4899033,138,158,cm,,g,1,0,1,UNK,102,33,61,,,,,,,,,,,,NA,NA,Kennebec,
2025-AST-0002,AST,A69-2801-201127,Acoustic,Wild,,,,"2025-07-29 00:00:00",Gardiner,438716,4899033,156,179,cm,,g,1,0,1,UNK,138,61,101,,,,,,,,,,,,NA,NA,Kennebec,
2025-AST-0003,AST,A69-2801-201134,Acoustic,Wild,,,,"2025-07-29 00:00:00",Gardiner,438716,4899033,116,179,cm,,g,1,0,1,UNK,138,41,71,,,,,,,,,,,,NA,NA,Kennebec,
2025-AST-0004,AST,A69-2801-201128,Acoustic,Wild,,,,"2025-07-29 00:00:00",Gardiner,438716,4899033,174,194,cm,,g,1,0,1,UNK,,53,87,,,,,,,,,,,,NA,NA,Kennebec,
2025-AST-0005,AST,A69-2801-201131,Acoustic,Wild,,,,"2025-07-29 00:00:00",Gardiner,438716,4899033,156,177,cm,,g,1,0,1,UNK,127,56,89,,,,,,,,,,,,NA,NA,Kennebec,
2025-AST-0006,AST,A69-2801-201130,Acoustic,Wild,,,,"2025-07-29 00:00:00",Gardiner,438716,4899033,134,149,cm,,g,1,0,1,UNK,110,48,75,,,,,,,,,,,,NA,NA,Kennebec,
2025-AST-0007,AST,A69-2801-201132,Acoustic,Wild,,,,"2025-07-29 00:00:00",Gardiner,438716,4899033,149,173,cm,,g,1,0,1,UNK,127,46,71,,,,,,,,,,,,NA,NA,Kennebec,
2025-AST-0008,AST,A69-2801-201212,Acoustic,Wild,,,,"2025-07-29 00:00:00",Gardiner,438716,4899033,147,170,cm,,g,1,0,1,M,117,50,71,,,,,,,,,,,,NA,NA,Kennebec,Milt
2025-AST-0009,AST,A69-2801-201215,Acoustic,Wild,,,,"2025-07-29 00:00:00",Gardiner,438716,4899033,143,166,cm,,g,1,0,1,M,117,55,71,,,,,,,,,,,,NA,NA,Kennebec,Milt
2025-AST-0010,AST,A69-2801-201246,Acoustic,Wild,,,,"2025-08-05 00:00:00","The Spindle",514494,4948116,94,113,cm,,g,1,0,1,UNK,77,37,51,,,,,,,,,,,,NA,NA,Penobscot,
2025-AST-0011,AST,A69-2801-201243,Acoustic,Wild,,,,"2025-08-05 00:00:00","The Spindle",514494,4948116,87,101,cm,,g,1,0,1,UNK,63,33,47,,,,,,,,,,,,NA,NA,Penobscot,
2025-AST-0012,AST,A69-2801-201242,Acoustic,Wild,,,,"2025-08-05 00:00:00","The Spindle",514494,4948116,90,108,cm,,g,1,0,1,UNK,71,36,55,,,,,,,,,,,,NA,NA,Penobscot,"RIGHT PECTORAL WOUND"
2025-AST-0013,AST,A69-2801-201229,Acoustic,Wild,,,,"2025-08-05 00:00:00","The Spindle",514494,4948116,159,185,cm,,g,1,0,1,UNK,120,59,85,,,,,,,,,,,,NA,NA,Penobscot,
2025-AST-0014,AST,A69-2801-201233,Acoustic,Wild,,,,"2025-08-05 00:00:00","The Spindle",514494,4948116,90,105,cm,,g,1,0,1,UNK,73,39,52,,,,,,,,,,,,NA,NA,Penobscot,
2025-AST-0015,AST,A69-2801-201240,Acoustic,Wild,,,,"2025-08-05 00:00:00","The Spindle",514494,4948116,85,103,cm,,g,1,0,1,UNK,79,34,53,,,,,,,,,,,,NA,NA,Penobscot,
2025-AST-0016,AST,A69-2801-201235,Acoustic,Wild,,,,"2025-08-17 00:00:00","The Spindle",514494,4948116,109,125,cm,,g,1,0,1,UNK,91,48,68,,,,,,,,,,,,NA,NA,Penobscot,
2025-AST-0017,AST,A69-2801-201230,Acoustic,Wild,,,,"2025-08-17 00:00:00","The Spindle",514494,4948116,109,114,cm,,g,1,0,1,UNK,80,43,59,,,,,,,,,,,,NA,NA,Penobscot,
2025-AST-0018,AST,A69-2801-201231,Acoustic,Wild,,,,"2025-08-17 00:00:00","The Spindle",514494,4948116,103,123,cm,,g,1,0,1,UNK,85,43,64,,,,,,,,,,,,NA,NA,Penobscot,
2025-AST-0019,AST,A69-2801-201226,Acoustic,Wild,,,,"2025-08-17 00:00:00","The Spindle",514494,4948116,95,112,cm,,g,1,0,1,UNK,75,34,56,,,,,,,,,,,,NA,NA,Penobscot,
2025-AST-0020,AST,A69-2801-201238,Acoustic,Wild,,,,"2025-08-17 00:00:00","The Spindle",514494,4948116,130,152,cm,,g,1,0,1,UNK,113,49,74,,,,,,,,,,,,NA,NA,Penobscot,
2025-AST-0021,AST,A69-2801-201237,Acoustic,Wild,,,,"2025-08-18 00:00:00","The Spindle",514494,4948116,115,130,cm,,g,1,0,1,UNK,93,41,69,,,,,,,,,,,,NA,NA,Penobscot,
2025-AST-0022,AST,A69-2801-201248,Acoustic,Wild,,,,"2025-08-18 00:00:00","The Spindle",514494,4948116,102,116,cm,,g,1,0,1,UNK,81,41,58,,,,,,,,,,,,NA,NA,Penobscot,
2025-AST-0023,AST,A69-2801-201253,Acoustic,Wild,,,,"2025-08-18 00:00:00","The Spindle",514494,4948116,109,120,cm,,g,1,0,1,UNK,92,42,63,,,,,,,,,,,,NA,NA,Penobscot,
2025-AST-0024,AST,A69-2801-201250,Acoustic,Wild,,,,"2025-08-18 00:00:00","The Spindle",514494,4948116,120,143,cm,,g,1,0,1,UNK,96,48,73,,,,,,,,,,,,NA,NA,Penobscot,
AST-2006-001,AST,5161G,Acoustic,Wild,"Carlin: 31030; Genetic ID: G-034; Photo ID: 06-034;",Sturgeon-PNR,"Penobscot River","2006-07-04 00:00:00","Penobscot River",512918,4950057,93,108,cm,7.75,kg,1,0,1,U,,,,,,,,,,,,,,D,24,1105,Penobscot,
AST-2006-006,AST,4309H,Acoustic,Wild,"Carlin: 31046; Genetic ID: G-052; Photo ID: 06-052;",Sturgeon-PNR,"Penobscot River","2006-10-03 00:00:00","Penobscot River",,,100,119,cm,8.5,kg,1,0,1,U,,,,,,,,,,,,,,D,138,1105,Penobscot,
AST-2006-006,AST,4309H,Acoustic,Wild,"Carlin: 31046; Genetic ID: G-052; Photo ID: 06-052;",Sturgeon-PNR,"Penobscot River","2006-10-03 00:00:00","Penobscot River",,,100,119,cm,8.5,kg,1,0,1,U,,,,,,,,,,,,,,T,137,1105,Penobscot,
AST-2006-007,AST,4310H,Acoustic,Wild,"Carlin: 31048; Genetic ID: G-055; Photo ID: 06-055;",Sturgeon-PNR,"Penobscot River","2006-10-04 00:00:00","Penobscot River",516876,4957553,76,89,cm,3.5,kg,1,0,1,U,,,,,,,,,,,,,,D,140,1105,Penobscot,
AST-2006-007,AST,4310H,Acoustic,Wild,"Carlin: 31048; Genetic ID: G-055; Photo ID: 06-055;",Sturgeon-PNR,"Penobscot River","2006-10-04 00:00:00","Penobscot River",516876,4957553,76,89,cm,3.5,kg,1,0,1,U,,,,,,,,,,,,,,T,139,1105,Penobscot,
AST-2007-001,AST,5441H,Acoustic,Wild,"Carlin: 31068; Genetic ID: G-075; Photo ID: 07-005;",Sturgeon-PNR,"Penobscot River","2007-05-25 00:00:00","Penobscot River",514214,4945880,94,111,cm,6.5,kg,1,0,1,U,,,,,,,,,,,,,,D,21,1105,Penobscot,
AST-2007-001,AST,5441H,Acoustic,Wild,"Carlin: 31068; Genetic ID: G-075; Photo ID: 07-005;",Sturgeon-PNR,"Penobscot River","2007-05-25 00:00:00","Penobscot River",514214,4945880,94,111,cm,6.5,kg,1,0,1,U,,,,,,,,,,,,,,T,20,1105,Penobscot,
AST-2007-002,AST,4313H,Acoustic,Wild,"Carlin: 31070; Genetic ID: G-077; Photo ID: 07-007;",Sturgeon-PNR,"Penobscot River","2007-05-25 00:00:00","Penobscot River",514214,4945880,112,130,cm,12.5,kg,1,0,1,U,,,,,,,,,,,,,,D,146,1105,Penobscot,
AST-2007-002,AST,4313H,Acoustic,Wild,"Carlin: 31070; Genetic ID: G-077; Photo ID: 07-007;",Sturgeon-PNR,"Penobscot River","2007-05-25 00:00:00","Penobscot River",514214,4945880,112,130,cm,12.5,kg,1,0,1,U,,,,,,,,,,,,,,T,145,1105,Penobscot,
AST-2007-003,AST,4315H,Acoustic,Wild,"Carlin: 31073; Genetic ID: G-080; Photo ID: 07-010;",Sturgeon-PNR,"Penobscot River","2007-05-28 00:00:00","Penobscot River",514139,4945869,88,105,cm,6.25,kg,1,0,1,U,,,,,,,,,,,,,,D,150,1105,Penobscot,
AST-2007-003,AST,4315H,Acoustic,Wild,"Carlin: 31073; Genetic ID: G-080; Photo ID: 07-010;",Sturgeon-PNR,"Penobscot River","2007-05-28 00:00:00","Penobscot River",514139,4945869,88,105,cm,6.25,kg,1,0,1,U,,,,,,,,,,,,,,T,149,1105,Penobscot,
AST-2007-004,AST,4311H,Acoustic,Wild,"Carlin: 31078; Genetic ID: G-085; Photo ID: 07-015;",Sturgeon-PNR,"Penobscot River","2007-05-29 00:00:00","Penobscot River",514286,4945910,97,115,cm,8.0,kg,1,0,1,U,,,,,,,,,,,,,,D,142,1105,Penobscot,
AST-2007-004,AST,4311H,Acoustic,Wild,"Carlin: 31078; Genetic ID: G-085; Photo ID: 07-015;",Sturgeon-PNR,"Penobscot River","2007-05-29 00:00:00","Penobscot River",514286,4945910,97,115,cm,8.0,kg,1,0,1,U,,,,,,,,,,,,,,T,141,1105,Penobscot,
AST-2007-025,AST,A69-2801-201228,Acoustic,Wild,"Carlin: 31449; Genetic ID: G-154; Photo ID: 07-088;",Sturgeon-PNR,"Penobscot River","2007-07-21 00:00:00","Penobscot River",514214,4945890,100,130,cm,10.5,kg,1,0,1,U,,,,,,,,,,,,,,,NA,NA,Penobscot,
AST-2007-025,AST,A69-2801-201228,Acoustic,Wild,"Carlin: 31449; Genetic ID: G-154; Photo ID: 07-088;",Sturgeon-PNR,"Penobscot River","2025-07-29 00:00:00",Gardiner,438716,4899033,197,225,cm,,g,1,1,0,UNK,,74,102,,,,,,,,,,,,NA,NA,Kennebec,
AST-2008-001,AST,1042797,Acoustic,Wild,"Carlin: 31484; Genetic ID: G-189; Photo ID: 08-001;",Sturgeon-PNR,"Penobscot River","2008-06-30 00:00:00","Penobscot River",,,92,106,cm,7.5,kg,1,0,1,U,,,,,,,,,,,,,,,NA,NA,Penobscot,
AST-2008-001,AST,1042797,Acoustic,Wild,"Carlin: 31484; Genetic ID: G-189; Photo ID: 08-001;",Sturgeon-PNR,"Penobscot River","2014-09-01 00:00:00","Penobscot River",,,137,160,cm,,kg,1,1,0,,,,,,,,,,,,,,,,NA,NA,Penobscot,
AST-2008-002,AST,1042788,Acoustic,Wild,"Carlin: 31485; FLOY: 100472; Genetic ID: G-629; Photo ID: 10-125;",Sturgeon-PNR,"Penobscot River","2008-07-02 00:00:00","Penobscot River",,,103,121,cm,10.0,kg,1,0,1,U,,,,,,,,,,,,,,,NA,NA,Penobscot,
AST-2008-002,AST,1042788,Acoustic,Wild,"Carlin: 31485; FLOY: 100472; Genetic ID: G-629; Photo ID: 10-125;",Sturgeon-PNR,"Penobscot River","2010-09-29 00:00:00","Penobscot River",513009,4948718,117,137,cm,14.0,kg,1,1,0,U,,,,,,,,,,,,,,,NA,NA,Penobscot,
AST-2008-003,AST,1042789,Acoustic,Wild,"Carlin: 31486; Genetic ID: G-191; Photo ID: 08-003;",Sturgeon-PNR,"Penobscot River","2008-07-02 00:00:00","Penobscot River",,,102,122,cm,8.5,kg,1,0,1,U,,,,,,,,,,,,,,,NA,NA,Penobscot,
AST-2008-004,AST,1042787,Acoustic,Wild,"Carlin: 31487; Genetic ID: G-192; Photo ID: 08-004;",Sturgeon-PNR,"Penobscot River","2008-07-02 00:00:00","Penobscot River",,,112,132,cm,13.5,kg,1,0,1,U,,,,,,,,,,,,,,,NA,NA,Penobscot,
AST-2008-005,AST,1042798,Acoustic,Wild,"Carlin: 31490; Genetic ID: G-195; Photo ID: 08-007;",Sturgeon-PNR,"Penobscot River","2008-07-15 00:00:00","Penobscot River",,,114,133,cm,13.0,kg,1,0,1,U,,,,,,,,,,,,,,,NA,NA,Penobscot,
AST-2008-006,AST,1042799,Acoustic,Wild,"Carlin: 31491; Genetic ID: G-196; Photo ID: 08-008;",Sturgeon-PNR,"Penobscot River","2008-07-15 00:00:00","Penobscot River",,,124,144,cm,18.0,kg,1,0,1,U,,,,,,,,,,,,,,,NA,NA,Penobscot,
AST-2008-011,AST,1043695,Acoustic,Wild,"Carlin: 32105; Genetic ID: G-208; Photo ID: 08-022;",Sturgeon-PNR,"Penobscot River","2008-07-30 00:00:00","Penobscot River",514686,4947826,118,137,cm,15.5,kg,1,0,1,U,,,,,,,,,,,,,,,NA,NA,Penobscot,
AST-2008-012,AST,1043697,Acoustic,Wild,"Carlin: 32102; Genetic ID: G-205; Photo ID: 08-019;",Sturgeon-PNR,"Penobscot River","2008-07-30 00:00:00","Penobscot River",514724,4947109,112,129,cm,10.0,kg,1,0,1,U,,,,,,,,,,,,,,,NA,NA,Penobscot,
AST-2008-013,AST,1042790,Acoustic,Wild,"Carlin: 32110; Genetic ID: G-213; Photo ID: 08-028;",Sturgeon-PNR,"Penobscot River","2008-08-08 00:00:00","Penobscot River",514655,4947885,87,102,cm,6.0,kg,1,0,1,U,,,,,,,,,,,,,,,NA,NA,Penobscot,
AST-2008-014,AST,1043692,Acoustic,Wild,"Carlin: 32112; Genetic ID: G-214; Photo ID: 08-029;",Sturgeon-PNR,"Penobscot River","2008-08-08 00:00:00","Penobscot River",514660,4947181,112,129,cm,13.5,kg,1,0,1,U,,,,,,,,,,,,,,,NA,NA,Penobscot,
AST-2009-001,AST,1074907,Acoustic,Wild,"Carlin: 32243; Genetic ID: G-346; Photo ID: 09-001;",Sturgeon-PNR,"Penobscot River","2009-06-16 00:00:00","Penobscot River",,,112,132,cm,12.5,kg,1,0,1,U,,,,,,,,,,,,,,,NA,NA,Penobscot,
AST-2009-004,AST,1074909,Acoustic,Wild,"FLOY: 100070; Genetic ID: G-349; Photo ID: 09-005;",Sturgeon-PNR,"Penobscot River","2009-06-25 00:00:00","Penobscot River",,,137,160,cm,28.0,kg,1,0,1,U,,,,,,,,,,,,,,,NA,NA,Penobscot,
AST-2009-007,AST,1074908,Acoustic,Wild,"Carlin: 32246; Genetic ID: G-352; Photo ID: 09-150;",Sturgeon-PNR,"Penobscot River","2009-07-03 00:00:00","Penobscot River",,,111,134,cm,14.0,kg,1,0,1,TT,,,,,,,,,,,,,,,NA,NA,Penobscot,
AST-2009-007,AST,1074908,Acoustic,Wild,"Carlin: 32246; Genetic ID: G-352; Photo ID: 09-150;",Sturgeon-PNR,"Penobscot River","2009-10-14 00:00:00","Penobscot River",,,114,137,cm,13.75,kg,1,1,0,,,,,,,,,,,,,,,,NA,NA,Penobscot,
AST-2009-008,AST,1074910,Acoustic,Wild,"Carlin: 32247; Genetic ID: G-353; Photo ID: 09-009;",Sturgeon-PNR,"Penobscot River","2009-07-10 00:00:00","Penobscot River",,,100,112,cm,9.5,kg,1,0,1,TT,,,,,,,,,,,,,,,NA,NA,Penobscot,
AST-2009-009,AST,1075887,Acoustic,Wild,"Carlin: 32248; Genetic ID: G-354; Photo ID: 10-022;",Sturgeon-PNR,"Penobscot River","2009-07-15 00:00:00","Penobscot River",,,71,83,cm,3.25,kg,1,0,1,TT,,,,,,,,,,,,,,,NA,NA,Penobscot,
AST-2009-009,AST,1075887,Acoustic,Wild,"Carlin: 32248; Genetic ID: G-354; Photo ID: 10-022;",Sturgeon-PNR,"Penobscot River","2010-07-29 00:00:00","Penobscot River",514548,4948095,89,103,cm,6.5,kg,1,1,0,TT,,,,,,,,,,,,,,,NA,NA,Penobscot,
AST-2009-012,AST,1074911,Acoustic,Wild,"FLOY: 100072; Genetic ID: G-357; Photo ID: 09-014;",Sturgeon-PNR,"Penobscot River","2009-07-20 00:00:00","Penobscot River",,,123,141,cm,17.0,kg,1,0,1,U,,,,,,,,,,,,,,,NA,NA,Penobscot,
AST-2009-013,AST,1074913,Acoustic,Wild,"FLOY: 100071; Genetic ID: G-361; Photo ID: 09-018;",Sturgeon-PNR,"Penobscot River","2009-08-02 00:00:00","Penobscot River",,,102,119,cm,10.5,kg,1,0,1,TT,,,,,,,,,,,,,,,NA,NA,Penobscot,
AST-2009-016,AST,1074912,Acoustic,Wild,"FLOY: 100061; Genetic ID: G-359; Photo ID: 09-016;",Sturgeon-PNR,"Penobscot River","2009-08-02 00:00:00","Penobscot River",,,121,142,cm,14.0,kg,1,0,1,TT,,,,,,,,,,,,,,,NA,NA,Penobscot,
AST-2009-018,AST,1074914,Acoustic,Wild,"FLOY: 100051; Genetic ID: G-368; Photo ID: 09-024;",Sturgeon-PNR,"Penobscot River","2009-08-04 00:00:00","Penobscot River",,,121,140,cm,16.0,kg,1,0,1,U,,,,,,,,,,,,,,,NA,NA,Penobscot,
AST-2009-019,AST,1074916,Acoustic,Wild,"FLOY: 100066; Genetic ID: G-370; Photo ID: 10-030;",Sturgeon-PNR,"Penobscot River","2009-08-04 00:00:00","Penobscot River",,,111,127,cm,13.0,kg,1,0,1,TT,,,,,,,,,,,,,,,NA,NA,Penobscot,
AST-2009-019,AST,1074916,Acoustic,Wild,"FLOY: 100066; Genetic ID: G-370; Photo ID: 10-030;",Sturgeon-PNR,"Penobscot River","2010-08-02 00:00:00","Penobscot River",514536,4947977,119,139,cm,15.0,kg,1,1,0,TT,,,,,,,,,,,,,,,NA,NA,Penobscot,
AST-2009-021,AST,1074915,Acoustic,Wild,"FLOY: 100060; Genetic ID: G-369; Photo ID: 10-019;",Sturgeon-PNR,"Penobscot River","2009-08-04 00:00:00","Penobscot River",,,111,130,cm,13.5,kg,1,0,1,TT,,,,,,,,,,,,,,,NA,NA,Penobscot,
AST-2009-021,AST,1074915,Acoustic,Wild,"FLOY: 100060; Genetic ID: G-369; Photo ID: 10-019;",Sturgeon-PNR,"Penobscot River","2010-07-21 00:00:00","Penobscot River",514647,4947484,116,135,cm,13.0,kg,1,1,0,U,,,,,,,,,,,,,,,NA,NA,Penobscot,
AST-2009-023,AST,1074917,Acoustic,Wild,"FLOY: 100053; Genetic ID: G-371; Photo ID: 09-027;",Sturgeon-PNR,"Penobscot River","2009-08-04 00:00:00","Penobscot River",,,134,158,cm,21.0,kg,1,0,1,U,,,,,,,,,,,,,,,NA,NA,Penobscot,
AST-2010-001,AST,1074918,Acoustic,Wild,"FLOY: 100084; Genetic ID: G-533; Photo ID: 10-002;",Sturgeon-PNR,"Penobscot River","2010-06-07 00:00:00","Penobscot River",514784,4947184,122,144,cm,18.0,kg,1,0,1,TT,,,,,,,,,,,,,,,NA,NA,Penobscot,
AST-2010-003,AST,1074919,Acoustic,Wild,"FLOY: 100062; Genetic ID: G-534; Photo ID: 10-003;",Sturgeon-PNR,"Penobscot River","2010-06-09 00:00:00","Penobscot River",514741,4946960,103,121,cm,10.5,kg,1,0,1,U,,,,,,,,,,,,,,,NA,NA,Penobscot,
AST-2010-008,AST,1074920,Acoustic,Wild,"FLOY: 100058; Genetic ID: G-543; Photo ID: 10-013;",Sturgeon-PNR,"Penobscot River","2010-07-09 00:00:00","Penobscot River",514630,4947914,119,138,cm,15.5,kg,1,0,1,TT,,,,,,,,,,,,,,,NA,NA,Penobscot,
AST-2010-009,AST,1074921,Acoustic,Wild,"FLOY: 100068; Genetic ID: G-544; Photo ID: 10-014;",Sturgeon-PNR,"Penobscot River","2010-07-09 00:00:00","Penobscot River",514630,4947914,141,159,cm,22.0,kg,1,0,1,U,,,,,,,,,,,,,,,NA,NA,Penobscot,
AST-2010-011,AST,1097368,Acoustic,Wild,"FLOY: 100088; Genetic ID: G-546; Photo ID: 10-016;",Sturgeon-PNR,"Penobscot River","2010-07-20 00:00:00","Penobscot River",514599,4947577,125,145,cm,16.5,kg,1,0,1,TT,,,,,,,,,,,,,,,NA,NA,Penobscot,
AST-2010-015,AST,1075896,Acoustic,Wild,"FLOY: 100094; Genetic ID: G-558; Photo ID: 10-033;",Sturgeon-PNR,"Penobscot River","2010-08-02 00:00:00","Penobscot River",514637,4947922,126,144,cm,19.0,kg,1,0,1,,,,,,,,,,,,,,,,NA,NA,Penobscot,
AST-2011-004,AST,1099507,Acoustic,Wild,"FLOY: 100489; Genetic ID: G-677; Photo ID: 11-010;",Sturgeon-PNR,"Penobscot River","2011-06-28 00:00:00","Penobscot River",514113,4948320,124,144,cm,18.0,kg,1,0,1,U,,,,,,,,,,,,,,,NA,NA,Penobscot,
AST-2011-011,AST,1099515,Acoustic,Wild,"FLOY: 100481; Genetic ID: G-722; Photo ID: 11-041;",Sturgeon-PNR,"Penobscot River","2011-07-28 00:00:00","Penobscot River",514756,4947058,141,164,cm,24.0,kg,1,0,1,TT,,,,,,,,,,,,,,,NA,NA,Penobscot,
AST-2014-003,AST,1168206,Acoustic,Wild,"FLOY: 100999; Genetic ID: G-1093;",Sturgeon-PNR,"Penobscot River","2014-09-01 00:00:00","Penobscot River",,,100,112,cm,,kg,1,0,1,,,,,,,,,,,,,,,,NA,NA,Penobscot,
AST-2017-001,AST,1268734,Acoustic,Wild,"FLOY: 53399; Genetic ID: G-1501; Photo ID: 17-032;",Sturgeon-PNR,"Penobscot River","2017-07-14 00:00:00",Penobscot,514534,4947641,140,170,cm,21.300000000000001,kg,1,0,1,U,110,51,79,,,,,,,,,,,,NA,NA,Penobscot,
AST-2017-002,AST,1268735,Acoustic,Wild,"FLOY: 53400; Genetic ID: G-1502; Photo ID: 17-033;",Sturgeon-PNR,"Penobscot River","2017-07-14 00:00:00",Penobscot,514534,4947641,148,171,cm,25.300000000000001,kg,1,0,1,U,114,55,82,,,,,,,,,,,,NA,NA,Penobscot,
AST-2017-004,AST,1268731,Acoustic,Wild,"FLOY: 53317; Genetic ID: G-1517; Photo ID: 17-052;",Sturgeon-PNR,"Penobscot River","2017-08-23 00:00:00",Penobscot,512995,4949601,90,107,cm,6.5999999999999996,kg,1,0,1,TT,69,39,53,,,,,,,,,,,,NA,NA,Penobscot,
AST-2017-006,AST,1268733,Acoustic,Wild,"FLOY: 53321; Genetic ID: G-1520; Photo ID: 17-056;",Sturgeon-PNR,"Penobscot River","2017-09-06 00:00:00",Penobscot,512984,4949616,70,80,cm,2.8999999999999999,kg,1,0,1,TT,52,25,35,,,,,,,,,,,,NA,NA,Penobscot,
AST-2017-006,AST,1268733,Acoustic,Wild,"FLOY: 53321; Genetic ID: G-1520; Photo ID: 17-056;",Sturgeon-PNR,"Penobscot River","2018-09-13 00:00:00",Penobscot,512950,4949689,86,97,cm,5.5499999999999998,kg,1,1,0,,63,35,44,,,,,,,,,,,,NA,NA,Penobscot,
AST-2017-008,AST,1268732,Acoustic,Wild,"FLOY: 53328; Genetic ID: G-1523; Photo ID: 17-064;",Sturgeon-PNR,"Penobscot River","2017-09-12 00:00:00",Penobscot,513008,4949613,130,154,cm,19.199999999999999,kg,1,0,1,TT,96,49,73,,,,,,,,,,,,NA,NA,Penobscot,
AST-2018-005,AST,1299384,Acoustic,Wild,"FLOY: 54345; Genetic ID: G-1792; Photo ID: 18-045;",Sturgeon-PNR,"Penobscot RIver","2018-07-19 00:00:00",Penobscot,512941,4949677,79,91,cm,4.3499999999999996,kg,1,0,1,,63,32,43,,,,,,,,,,,,NA,NA,Penobscot,
AST-2018-006,AST,1299381,Acoustic,Wild,"FLOY: 54351; Genetic ID: G-1798; Photo ID: 18-051;",Sturgeon-PNR,"Penobscot RIver","2018-07-20 00:00:00",Penobscot,512910,4949717,87,102,cm,6.0999999999999996,kg,1,0,1,TT,69,35,49,,,,,,,,,,,,NA,NA,Penobscot,
AST-2018-007,AST,1299385,Acoustic,Wild,"FLOY: 54352; Genetic ID: G-1799; Photo ID: 18-052;",Sturgeon-PNR,"Penobscot RIver","2018-07-20 00:00:00",Penobscot,512910,4949717,93,108,cm,6.4000000000000004,kg,1,0,1,TT,71,40,50,,,,,,,,,,,,NA,NA,Penobscot,
AST-2018-008,AST,1299382,Acoustic,Wild,"FLOY: 54353; Genetic ID: G-1800; Photo ID: 18-053;",Sturgeon-PNR,"Penobscot RIver","2018-07-20 00:00:00",Penobscot,512910,4949717,88,103,cm,6.0999999999999996,kg,1,0,1,TT,69,37,51,,,,,,,,,,,,NA,NA,Penobscot,
AST-2018-010,AST,1299383,Acoustic,Wild,"FLOY: 54390; Genetic ID: G-1823; Photo ID: 18-084;",Sturgeon-PNR,"Penobscot RIver","2018-09-13 00:00:00",Penobscot,512950,4949689,145,172,cm,30.800000000000001,kg,1,0,1,,121,56,82,,,,,,,,,,,,NA,NA,Penobscot,
AST-2019-026,AST,A69-2801-201249,Acoustic,Wild,"FLOY: 54566; Genetic ID: G-1910; Photo ID: 19-095;",Sturgeon-PNR,"Penobscot River","2019-07-30 00:00:00",Penobscot,514772,4947174,159,189,cm,31.800000000000001,kg,1,0,1,U,131,58,92,,,,,,,,,,,,NA,NA,Penobscot,
AST-2019-026,AST,A69-2801-201249,Acoustic,Wild,"FLOY: 54566; Genetic ID: G-1910; Photo ID: 19-095;",Sturgeon-PNR,"Penobscot River","2025-08-18 00:00:00","The Spindle",514494,4948116,176,210,cm,,g,1,1,0,UNK,176,69,112,,,,,,,,,,,,NA,NA,Penobscot,"GIRTH 78CM"
   
